SyntaxError: Non-UTF-8 code starting with '\xd0' in file /Volumes/ARIMA/bot-event/event_voting_bot/bot.py on line 50, but no encoding declared; see http://python.org/dev/peps/pep-0263/ for details
SyntaxError: Non-UTF-8 code starting with '\xd0' in file /Volumes/ARIMA/bot-event/event_voting_bot/bot.py on line 56, but no encoding declared; see http://python.org/dev/peps/pep-0263/ for details
SyntaxError: Non-UTF-8 code starting with '\xd0' in file /Volumes/ARIMA/bot-event/event_voting_bot/bot.py on line 56, but no encoding declared; see http://python.org/dev/peps/pep-0263/ for details
Traceback (most recent call last):
  File "/Volumes/ARIMA/bot-event/event_voting_bot/bot.py", line 5, in <module>
    from event_voting_bot.database import Database
ModuleNotFoundError: No module named 'event_voting_bot'
Traceback (most recent call last):
  File "/Volumes/ARIMA/bot-event/event_voting_bot/bot.py", line 5, in <module>
    from event_voting_bot.database import Database
ModuleNotFoundError: No module named 'event_voting_bot'
Traceback (most recent call last):
  File "/Volumes/ARIMA/bot-event/event_voting_bot/bot.py", line 5, in <module>
    from event_voting_bot.database import Database
ModuleNotFoundError: No module named 'event_voting_bot'
Traceback (most recent call last):
  File "/Volumes/ARIMA/bot-event/event_voting_bot/bot.py", line 5, in <module>
    from event_voting_bot.database import Database
ModuleNotFoundError: No module named 'event_voting_bot'
Traceback (most recent call last):
  File "/Volumes/ARIMA/bot-event/event_voting_bot/bot.py", line 5, in <module>
    from event_voting_bot.database import Database
ModuleNotFoundError: No module named 'event_voting_bot'
Traceback (most recent call last):
  File "/Volumes/ARIMA/bot-event/event_voting_bot/bot.py", line 5, in <module>
    from event_voting_bot.database import Database
ModuleNotFoundError: No module named 'event_voting_bot'
2025-07-23 11:25:16,126 - INFO - HTTP Request: POST https://api.telegram.org/bot8132507132:AAHGCXA_fMWIvjOxkeX9ri_nFifM8HXLVdI/setMyCommands "HTTP/1.1 200 OK"
2025-07-23 11:25:16,277 - INFO - HTTP Request: POST https://api.telegram.org/bot8132507132:AAHGCXA_fMWIvjOxkeX9ri_nFifM8HXLVdI/getMe "HTTP/1.1 200 OK"
2025-07-23 11:25:16,378 - INFO - HTTP Request: POST https://api.telegram.org/bot8132507132:AAHGCXA_fMWIvjOxkeX9ri_nFifM8HXLVdI/deleteWebhook "HTTP/1.1 200 OK"
2025-07-23 11:25:16,379 - INFO - Application started
2025-07-23 11:25:21,605 - INFO - HTTP Request: POST https://api.telegram.org/bot8132507132:AAHGCXA_fMWIvjOxkeX9ri_nFifM8HXLVdI/getUpdates "HTTP/1.1 409 Conflict"
2025-07-23 11:25:21,606 - ERROR - No error handlers are registered, logging exception.
Traceback (most recent call last):
  File "/Volumes/ARIMA/bot-event/.venv/lib/python3.9/site-packages/telegram/ext/_utils/networkloop.py", line 115, in network_retry_loop
    if not await do_action():
  File "/Volumes/ARIMA/bot-event/.venv/lib/python3.9/site-packages/telegram/ext/_utils/networkloop.py", line 108, in do_action
    return action_cb_task.result()
  File "/Volumes/ARIMA/bot-event/.venv/lib/python3.9/site-packages/telegram/ext/_updater.py", line 340, in polling_action_cb
    updates = await self.bot.get_updates(
  File "/Volumes/ARIMA/bot-event/.venv/lib/python3.9/site-packages/telegram/ext/_extbot.py", line 670, in get_updates
    updates = await super().get_updates(
  File "/Volumes/ARIMA/bot-event/.venv/lib/python3.9/site-packages/telegram/_bot.py", line 4611, in get_updates
    await self._post(
  File "/Volumes/ARIMA/bot-event/.venv/lib/python3.9/site-packages/telegram/_bot.py", line 698, in _post
    return await self._do_post(
  File "/Volumes/ARIMA/bot-event/.venv/lib/python3.9/site-packages/telegram/ext/_extbot.py", line 370, in _do_post
    return await super()._do_post(
  File "/Volumes/ARIMA/bot-event/.venv/lib/python3.9/site-packages/telegram/_bot.py", line 727, in _do_post
    result = await request.post(
  File "/Volumes/ARIMA/bot-event/.venv/lib/python3.9/site-packages/telegram/request/_baserequest.py", line 197, in post
    result = await self._request_wrapper(
  File "/Volumes/ARIMA/bot-event/.venv/lib/python3.9/site-packages/telegram/request/_baserequest.py", line 374, in _request_wrapper
    raise exception
telegram.error.Conflict: Conflict: terminated by other getUpdates request; make sure that only one bot instance is running
2025-07-23 11:25:23,633 - INFO - HTTP Request: POST https://api.telegram.org/bot8132507132:AAHGCXA_fMWIvjOxkeX9ri_nFifM8HXLVdI/getUpdates "HTTP/1.1 200 OK"
2025-07-23 11:25:24,272 - INFO - HTTP Request: POST https://api.telegram.org/bot8132507132:AAHGCXA_fMWIvjOxkeX9ri_nFifM8HXLVdI/sendMessage "HTTP/1.1 200 OK"
2025-07-23 11:25:28,126 - INFO - HTTP Request: POST https://api.telegram.org/bot8132507132:AAHGCXA_fMWIvjOxkeX9ri_nFifM8HXLVdI/getUpdates "HTTP/1.1 409 Conflict"
2025-07-23 11:25:28,142 - ERROR - No error handlers are registered, logging exception.
Traceback (most recent call last):
  File "/Volumes/ARIMA/bot-event/.venv/lib/python3.9/site-packages/telegram/ext/_utils/networkloop.py", line 115, in network_retry_loop
    if not await do_action():
  File "/Volumes/ARIMA/bot-event/.venv/lib/python3.9/site-packages/telegram/ext/_utils/networkloop.py", line 108, in do_action
    return action_cb_task.result()
  File "/Volumes/ARIMA/bot-event/.venv/lib/python3.9/site-packages/telegram/ext/_updater.py", line 340, in polling_action_cb
    updates = await self.bot.get_updates(
  File "/Volumes/ARIMA/bot-event/.venv/lib/python3.9/site-packages/telegram/ext/_extbot.py", line 670, in get_updates
    updates = await super().get_updates(
  File "/Volumes/ARIMA/bot-event/.venv/lib/python3.9/site-packages/telegram/_bot.py", line 4611, in get_updates
    await self._post(
  File "/Volumes/ARIMA/bot-event/.venv/lib/python3.9/site-packages/telegram/_bot.py", line 698, in _post
    return await self._do_post(
  File "/Volumes/ARIMA/bot-event/.venv/lib/python3.9/site-packages/telegram/ext/_extbot.py", line 370, in _do_post
    return await super()._do_post(
  File "/Volumes/ARIMA/bot-event/.venv/lib/python3.9/site-packages/telegram/_bot.py", line 727, in _do_post
    result = await request.post(
  File "/Volumes/ARIMA/bot-event/.venv/lib/python3.9/site-packages/telegram/request/_baserequest.py", line 197, in post
    result = await self._request_wrapper(
  File "/Volumes/ARIMA/bot-event/.venv/lib/python3.9/site-packages/telegram/request/_baserequest.py", line 374, in _request_wrapper
    raise exception
telegram.error.Conflict: Conflict: terminated by other getUpdates request; make sure that only one bot instance is running
2025-07-23 11:25:32,743 - INFO - HTTP Request: POST https://api.telegram.org/bot8132507132:AAHGCXA_fMWIvjOxkeX9ri_nFifM8HXLVdI/getUpdates "HTTP/1.1 409 Conflict"
2025-07-23 11:25:32,745 - ERROR - No error handlers are registered, logging exception.
Traceback (most recent call last):
  File "/Volumes/ARIMA/bot-event/.venv/lib/python3.9/site-packages/telegram/ext/_utils/networkloop.py", line 115, in network_retry_loop
    if not await do_action():
  File "/Volumes/ARIMA/bot-event/.venv/lib/python3.9/site-packages/telegram/ext/_utils/networkloop.py", line 108, in do_action
    return action_cb_task.result()
  File "/Volumes/ARIMA/bot-event/.venv/lib/python3.9/site-packages/telegram/ext/_updater.py", line 340, in polling_action_cb
    updates = await self.bot.get_updates(
  File "/Volumes/ARIMA/bot-event/.venv/lib/python3.9/site-packages/telegram/ext/_extbot.py", line 670, in get_updates
    updates = await super().get_updates(
  File "/Volumes/ARIMA/bot-event/.venv/lib/python3.9/site-packages/telegram/_bot.py", line 4611, in get_updates
    await self._post(
  File "/Volumes/ARIMA/bot-event/.venv/lib/python3.9/site-packages/telegram/_bot.py", line 698, in _post
    return await self._do_post(
  File "/Volumes/ARIMA/bot-event/.venv/lib/python3.9/site-packages/telegram/ext/_extbot.py", line 370, in _do_post
    return await super()._do_post(
  File "/Volumes/ARIMA/bot-event/.venv/lib/python3.9/site-packages/telegram/_bot.py", line 727, in _do_post
    result = await request.post(
  File "/Volumes/ARIMA/bot-event/.venv/lib/python3.9/site-packages/telegram/request/_baserequest.py", line 197, in post
    result = await self._request_wrapper(
  File "/Volumes/ARIMA/bot-event/.venv/lib/python3.9/site-packages/telegram/request/_baserequest.py", line 374, in _request_wrapper
    raise exception
telegram.error.Conflict: Conflict: terminated by other getUpdates request; make sure that only one bot instance is running
2025-07-23 11:25:42,933 - INFO - HTTP Request: POST https://api.telegram.org/bot8132507132:AAHGCXA_fMWIvjOxkeX9ri_nFifM8HXLVdI/getUpdates "HTTP/1.1 409 Conflict"
2025-07-23 11:25:42,935 - ERROR - No error handlers are registered, logging exception.
Traceback (most recent call last):
  File "/Volumes/ARIMA/bot-event/.venv/lib/python3.9/site-packages/telegram/ext/_utils/networkloop.py", line 115, in network_retry_loop
    if not await do_action():
  File "/Volumes/ARIMA/bot-event/.venv/lib/python3.9/site-packages/telegram/ext/_utils/networkloop.py", line 108, in do_action
    return action_cb_task.result()
  File "/Volumes/ARIMA/bot-event/.venv/lib/python3.9/site-packages/telegram/ext/_updater.py", line 340, in polling_action_cb
    updates = await self.bot.get_updates(
  File "/Volumes/ARIMA/bot-event/.venv/lib/python3.9/site-packages/telegram/ext/_extbot.py", line 670, in get_updates
    updates = await super().get_updates(
  File "/Volumes/ARIMA/bot-event/.venv/lib/python3.9/site-packages/telegram/_bot.py", line 4611, in get_updates
    await self._post(
  File "/Volumes/ARIMA/bot-event/.venv/lib/python3.9/site-packages/telegram/_bot.py", line 698, in _post
    return await self._do_post(
  File "/Volumes/ARIMA/bot-event/.venv/lib/python3.9/site-packages/telegram/ext/_extbot.py", line 370, in _do_post
    return await super()._do_post(
  File "/Volumes/ARIMA/bot-event/.venv/lib/python3.9/site-packages/telegram/_bot.py", line 727, in _do_post
    result = await request.post(
  File "/Volumes/ARIMA/bot-event/.venv/lib/python3.9/site-packages/telegram/request/_baserequest.py", line 197, in post
    result = await self._request_wrapper(
  File "/Volumes/ARIMA/bot-event/.venv/lib/python3.9/site-packages/telegram/request/_baserequest.py", line 374, in _request_wrapper
    raise exception
telegram.error.Conflict: Conflict: terminated by other getUpdates request; make sure that only one bot instance is running
2025-07-23 11:25:48,283 - INFO - HTTP Request: POST https://api.telegram.org/bot8132507132:AAHGCXA_fMWIvjOxkeX9ri_nFifM8HXLVdI/getUpdates "HTTP/1.1 409 Conflict"
2025-07-23 11:25:48,285 - ERROR - No error handlers are registered, logging exception.
Traceback (most recent call last):
  File "/Volumes/ARIMA/bot-event/.venv/lib/python3.9/site-packages/telegram/ext/_utils/networkloop.py", line 115, in network_retry_loop
    if not await do_action():
  File "/Volumes/ARIMA/bot-event/.venv/lib/python3.9/site-packages/telegram/ext/_utils/networkloop.py", line 108, in do_action
    return action_cb_task.result()
  File "/Volumes/ARIMA/bot-event/.venv/lib/python3.9/site-packages/telegram/ext/_updater.py", line 340, in polling_action_cb
    updates = await self.bot.get_updates(
  File "/Volumes/ARIMA/bot-event/.venv/lib/python3.9/site-packages/telegram/ext/_extbot.py", line 670, in get_updates
    updates = await super().get_updates(
  File "/Volumes/ARIMA/bot-event/.venv/lib/python3.9/site-packages/telegram/_bot.py", line 4611, in get_updates
    await self._post(
  File "/Volumes/ARIMA/bot-event/.venv/lib/python3.9/site-packages/telegram/_bot.py", line 698, in _post
    return await self._do_post(
  File "/Volumes/ARIMA/bot-event/.venv/lib/python3.9/site-packages/telegram/ext/_extbot.py", line 370, in _do_post
    return await super()._do_post(
  File "/Volumes/ARIMA/bot-event/.venv/lib/python3.9/site-packages/telegram/_bot.py", line 727, in _do_post
    result = await request.post(
  File "/Volumes/ARIMA/bot-event/.venv/lib/python3.9/site-packages/telegram/request/_baserequest.py", line 197, in post
    result = await self._request_wrapper(
  File "/Volumes/ARIMA/bot-event/.venv/lib/python3.9/site-packages/telegram/request/_baserequest.py", line 374, in _request_wrapper
    raise exception
telegram.error.Conflict: Conflict: terminated by other getUpdates request; make sure that only one bot instance is running
2025-07-23 11:25:51,911 - INFO - HTTP Request: POST https://api.telegram.org/bot8132507132:AAHGCXA_fMWIvjOxkeX9ri_nFifM8HXLVdI/getUpdates "HTTP/1.1 200 OK"
2025-07-23 11:25:52,700 - INFO - HTTP Request: POST https://api.telegram.org/bot8132507132:AAHGCXA_fMWIvjOxkeX9ri_nFifM8HXLVdI/sendMessage "HTTP/1.1 200 OK"
2025-07-23 11:25:56,334 - INFO - HTTP Request: POST https://api.telegram.org/bot8132507132:AAHGCXA_fMWIvjOxkeX9ri_nFifM8HXLVdI/getUpdates "HTTP/1.1 409 Conflict"
2025-07-23 11:25:56,351 - ERROR - No error handlers are registered, logging exception.
Traceback (most recent call last):
  File "/Volumes/ARIMA/bot-event/.venv/lib/python3.9/site-packages/telegram/ext/_utils/networkloop.py", line 115, in network_retry_loop
    if not await do_action():
  File "/Volumes/ARIMA/bot-event/.venv/lib/python3.9/site-packages/telegram/ext/_utils/networkloop.py", line 108, in do_action
    return action_cb_task.result()
  File "/Volumes/ARIMA/bot-event/.venv/lib/python3.9/site-packages/telegram/ext/_updater.py", line 340, in polling_action_cb
    updates = await self.bot.get_updates(
  File "/Volumes/ARIMA/bot-event/.venv/lib/python3.9/site-packages/telegram/ext/_extbot.py", line 670, in get_updates
    updates = await super().get_updates(
  File "/Volumes/ARIMA/bot-event/.venv/lib/python3.9/site-packages/telegram/_bot.py", line 4611, in get_updates
    await self._post(
  File "/Volumes/ARIMA/bot-event/.venv/lib/python3.9/site-packages/telegram/_bot.py", line 698, in _post
    return await self._do_post(
  File "/Volumes/ARIMA/bot-event/.venv/lib/python3.9/site-packages/telegram/ext/_extbot.py", line 370, in _do_post
    return await super()._do_post(
  File "/Volumes/ARIMA/bot-event/.venv/lib/python3.9/site-packages/telegram/_bot.py", line 727, in _do_post
    result = await request.post(
  File "/Volumes/ARIMA/bot-event/.venv/lib/python3.9/site-packages/telegram/request/_baserequest.py", line 197, in post
    result = await self._request_wrapper(
  File "/Volumes/ARIMA/bot-event/.venv/lib/python3.9/site-packages/telegram/request/_baserequest.py", line 374, in _request_wrapper
    raise exception
telegram.error.Conflict: Conflict: terminated by other getUpdates request; make sure that only one bot instance is running
2025-07-23 11:26:07,484 - INFO - HTTP Request: POST https://api.telegram.org/bot8132507132:AAHGCXA_fMWIvjOxkeX9ri_nFifM8HXLVdI/getUpdates "HTTP/1.1 200 OK"
2025-07-23 11:26:12,619 - INFO - HTTP Request: POST https://api.telegram.org/bot8132507132:AAHGCXA_fMWIvjOxkeX9ri_nFifM8HXLVdI/getUpdates "HTTP/1.1 409 Conflict"
2025-07-23 11:26:12,621 - ERROR - No error handlers are registered, logging exception.
Traceback (most recent call last):
  File "/Volumes/ARIMA/bot-event/.venv/lib/python3.9/site-packages/telegram/ext/_utils/networkloop.py", line 115, in network_retry_loop
    if not await do_action():
  File "/Volumes/ARIMA/bot-event/.venv/lib/python3.9/site-packages/telegram/ext/_utils/networkloop.py", line 108, in do_action
    return action_cb_task.result()
  File "/Volumes/ARIMA/bot-event/.venv/lib/python3.9/site-packages/telegram/ext/_updater.py", line 340, in polling_action_cb
    updates = await self.bot.get_updates(
  File "/Volumes/ARIMA/bot-event/.venv/lib/python3.9/site-packages/telegram/ext/_extbot.py", line 670, in get_updates
    updates = await super().get_updates(
  File "/Volumes/ARIMA/bot-event/.venv/lib/python3.9/site-packages/telegram/_bot.py", line 4611, in get_updates
    await self._post(
  File "/Volumes/ARIMA/bot-event/.venv/lib/python3.9/site-packages/telegram/_bot.py", line 698, in _post
    return await self._do_post(
  File "/Volumes/ARIMA/bot-event/.venv/lib/python3.9/site-packages/telegram/ext/_extbot.py", line 370, in _do_post
    return await super()._do_post(
  File "/Volumes/ARIMA/bot-event/.venv/lib/python3.9/site-packages/telegram/_bot.py", line 727, in _do_post
    result = await request.post(
  File "/Volumes/ARIMA/bot-event/.venv/lib/python3.9/site-packages/telegram/request/_baserequest.py", line 197, in post
    result = await self._request_wrapper(
  File "/Volumes/ARIMA/bot-event/.venv/lib/python3.9/site-packages/telegram/request/_baserequest.py", line 374, in _request_wrapper
    raise exception
telegram.error.Conflict: Conflict: terminated by other getUpdates request; make sure that only one bot instance is running
2025-07-23 11:26:22,254 - INFO - HTTP Request: POST https://api.telegram.org/bot8132507132:AAHGCXA_fMWIvjOxkeX9ri_nFifM8HXLVdI/getUpdates "HTTP/1.1 409 Conflict"
2025-07-23 11:26:22,256 - ERROR - No error handlers are registered, logging exception.
Traceback (most recent call last):
  File "/Volumes/ARIMA/bot-event/.venv/lib/python3.9/site-packages/telegram/ext/_utils/networkloop.py", line 115, in network_retry_loop
    if not await do_action():
  File "/Volumes/ARIMA/bot-event/.venv/lib/python3.9/site-packages/telegram/ext/_utils/networkloop.py", line 108, in do_action
    return action_cb_task.result()
  File "/Volumes/ARIMA/bot-event/.venv/lib/python3.9/site-packages/telegram/ext/_updater.py", line 340, in polling_action_cb
    updates = await self.bot.get_updates(
  File "/Volumes/ARIMA/bot-event/.venv/lib/python3.9/site-packages/telegram/ext/_extbot.py", line 670, in get_updates
    updates = await super().get_updates(
  File "/Volumes/ARIMA/bot-event/.venv/lib/python3.9/site-packages/telegram/_bot.py", line 4611, in get_updates
    await self._post(
  File "/Volumes/ARIMA/bot-event/.venv/lib/python3.9/site-packages/telegram/_bot.py", line 698, in _post
    return await self._do_post(
  File "/Volumes/ARIMA/bot-event/.venv/lib/python3.9/site-packages/telegram/ext/_extbot.py", line 370, in _do_post
    return await super()._do_post(
  File "/Volumes/ARIMA/bot-event/.venv/lib/python3.9/site-packages/telegram/_bot.py", line 727, in _do_post
    result = await request.post(
  File "/Volumes/ARIMA/bot-event/.venv/lib/python3.9/site-packages/telegram/request/_baserequest.py", line 197, in post
    result = await self._request_wrapper(
  File "/Volumes/ARIMA/bot-event/.venv/lib/python3.9/site-packages/telegram/request/_baserequest.py", line 374, in _request_wrapper
    raise exception
telegram.error.Conflict: Conflict: terminated by other getUpdates request; make sure that only one bot instance is running
2025-07-23 11:26:33,878 - INFO - HTTP Request: POST https://api.telegram.org/bot8132507132:AAHGCXA_fMWIvjOxkeX9ri_nFifM8HXLVdI/getUpdates "HTTP/1.1 200 OK"
2025-07-23 11:26:34,665 - INFO - HTTP Request: POST https://api.telegram.org/bot8132507132:AAHGCXA_fMWIvjOxkeX9ri_nFifM8HXLVdI/getUpdates "HTTP/1.1 409 Conflict"
2025-07-23 11:26:34,666 - ERROR - No error handlers are registered, logging exception.
Traceback (most recent call last):
  File "/Volumes/ARIMA/bot-event/.venv/lib/python3.9/site-packages/telegram/ext/_utils/networkloop.py", line 115, in network_retry_loop
    if not await do_action():
  File "/Volumes/ARIMA/bot-event/.venv/lib/python3.9/site-packages/telegram/ext/_utils/networkloop.py", line 108, in do_action
    return action_cb_task.result()
  File "/Volumes/ARIMA/bot-event/.venv/lib/python3.9/site-packages/telegram/ext/_updater.py", line 340, in polling_action_cb
    updates = await self.bot.get_updates(
  File "/Volumes/ARIMA/bot-event/.venv/lib/python3.9/site-packages/telegram/ext/_extbot.py", line 670, in get_updates
    updates = await super().get_updates(
  File "/Volumes/ARIMA/bot-event/.venv/lib/python3.9/site-packages/telegram/_bot.py", line 4611, in get_updates
    await self._post(
  File "/Volumes/ARIMA/bot-event/.venv/lib/python3.9/site-packages/telegram/_bot.py", line 698, in _post
    return await self._do_post(
  File "/Volumes/ARIMA/bot-event/.venv/lib/python3.9/site-packages/telegram/ext/_extbot.py", line 370, in _do_post
    return await super()._do_post(
  File "/Volumes/ARIMA/bot-event/.venv/lib/python3.9/site-packages/telegram/_bot.py", line 727, in _do_post
    result = await request.post(
  File "/Volumes/ARIMA/bot-event/.venv/lib/python3.9/site-packages/telegram/request/_baserequest.py", line 197, in post
    result = await self._request_wrapper(
  File "/Volumes/ARIMA/bot-event/.venv/lib/python3.9/site-packages/telegram/request/_baserequest.py", line 374, in _request_wrapper
    raise exception
telegram.error.Conflict: Conflict: terminated by other getUpdates request; make sure that only one bot instance is running
2025-07-23 11:26:45,890 - INFO - HTTP Request: POST https://api.telegram.org/bot8132507132:AAHGCXA_fMWIvjOxkeX9ri_nFifM8HXLVdI/getUpdates "HTTP/1.1 200 OK"
2025-07-23 11:26:56,137 - INFO - HTTP Request: POST https://api.telegram.org/bot8132507132:AAHGCXA_fMWIvjOxkeX9ri_nFifM8HXLVdI/getUpdates "HTTP/1.1 200 OK"
2025-07-23 11:26:58,562 - INFO - HTTP Request: POST https://api.telegram.org/bot8132507132:AAHGCXA_fMWIvjOxkeX9ri_nFifM8HXLVdI/getUpdates "HTTP/1.1 409 Conflict"
2025-07-23 11:26:58,564 - ERROR - No error handlers are registered, logging exception.
Traceback (most recent call last):
  File "/Volumes/ARIMA/bot-event/.venv/lib/python3.9/site-packages/telegram/ext/_utils/networkloop.py", line 115, in network_retry_loop
    if not await do_action():
  File "/Volumes/ARIMA/bot-event/.venv/lib/python3.9/site-packages/telegram/ext/_utils/networkloop.py", line 108, in do_action
    return action_cb_task.result()
  File "/Volumes/ARIMA/bot-event/.venv/lib/python3.9/site-packages/telegram/ext/_updater.py", line 340, in polling_action_cb
    updates = await self.bot.get_updates(
  File "/Volumes/ARIMA/bot-event/.venv/lib/python3.9/site-packages/telegram/ext/_extbot.py", line 670, in get_updates
    updates = await super().get_updates(
  File "/Volumes/ARIMA/bot-event/.venv/lib/python3.9/site-packages/telegram/_bot.py", line 4611, in get_updates
    await self._post(
  File "/Volumes/ARIMA/bot-event/.venv/lib/python3.9/site-packages/telegram/_bot.py", line 698, in _post
    return await self._do_post(
  File "/Volumes/ARIMA/bot-event/.venv/lib/python3.9/site-packages/telegram/ext/_extbot.py", line 370, in _do_post
    return await super()._do_post(
  File "/Volumes/ARIMA/bot-event/.venv/lib/python3.9/site-packages/telegram/_bot.py", line 727, in _do_post
    result = await request.post(
  File "/Volumes/ARIMA/bot-event/.venv/lib/python3.9/site-packages/telegram/request/_baserequest.py", line 197, in post
    result = await self._request_wrapper(
  File "/Volumes/ARIMA/bot-event/.venv/lib/python3.9/site-packages/telegram/request/_baserequest.py", line 374, in _request_wrapper
    raise exception
telegram.error.Conflict: Conflict: terminated by other getUpdates request; make sure that only one bot instance is running
2025-07-23 11:27:04,965 - INFO - HTTP Request: POST https://api.telegram.org/bot8132507132:AAHGCXA_fMWIvjOxkeX9ri_nFifM8HXLVdI/getUpdates "HTTP/1.1 409 Conflict"
2025-07-23 11:27:04,967 - ERROR - No error handlers are registered, logging exception.
Traceback (most recent call last):
  File "/Volumes/ARIMA/bot-event/.venv/lib/python3.9/site-packages/telegram/ext/_utils/networkloop.py", line 115, in network_retry_loop
    if not await do_action():
  File "/Volumes/ARIMA/bot-event/.venv/lib/python3.9/site-packages/telegram/ext/_utils/networkloop.py", line 108, in do_action
    return action_cb_task.result()
  File "/Volumes/ARIMA/bot-event/.venv/lib/python3.9/site-packages/telegram/ext/_updater.py", line 340, in polling_action_cb
    updates = await self.bot.get_updates(
  File "/Volumes/ARIMA/bot-event/.venv/lib/python3.9/site-packages/telegram/ext/_extbot.py", line 670, in get_updates
    updates = await super().get_updates(
  File "/Volumes/ARIMA/bot-event/.venv/lib/python3.9/site-packages/telegram/_bot.py", line 4611, in get_updates
    await self._post(
  File "/Volumes/ARIMA/bot-event/.venv/lib/python3.9/site-packages/telegram/_bot.py", line 698, in _post
    return await self._do_post(
  File "/Volumes/ARIMA/bot-event/.venv/lib/python3.9/site-packages/telegram/ext/_extbot.py", line 370, in _do_post
    return await super()._do_post(
  File "/Volumes/ARIMA/bot-event/.venv/lib/python3.9/site-packages/telegram/_bot.py", line 727, in _do_post
    result = await request.post(
  File "/Volumes/ARIMA/bot-event/.venv/lib/python3.9/site-packages/telegram/request/_baserequest.py", line 197, in post
    result = await self._request_wrapper(
  File "/Volumes/ARIMA/bot-event/.venv/lib/python3.9/site-packages/telegram/request/_baserequest.py", line 374, in _request_wrapper
    raise exception
telegram.error.Conflict: Conflict: terminated by other getUpdates request; make sure that only one bot instance is running
2025-07-23 11:27:16,606 - INFO - HTTP Request: POST https://api.telegram.org/bot8132507132:AAHGCXA_fMWIvjOxkeX9ri_nFifM8HXLVdI/getUpdates "HTTP/1.1 200 OK"
2025-07-23 11:27:26,108 - INFO - HTTP Request: POST https://api.telegram.org/bot8132507132:AAHGCXA_fMWIvjOxkeX9ri_nFifM8HXLVdI/getUpdates "HTTP/1.1 200 OK"
2025-07-23 11:27:26,884 - INFO - HTTP Request: POST https://api.telegram.org/bot8132507132:AAHGCXA_fMWIvjOxkeX9ri_nFifM8HXLVdI/sendMessage "HTTP/1.1 200 OK"
2025-07-23 11:27:28,973 - INFO - HTTP Request: POST https://api.telegram.org/bot8132507132:AAHGCXA_fMWIvjOxkeX9ri_nFifM8HXLVdI/getUpdates "HTTP/1.1 200 OK"
2025-07-23 11:27:29,176 - INFO - HTTP Request: POST https://api.telegram.org/bot8132507132:AAHGCXA_fMWIvjOxkeX9ri_nFifM8HXLVdI/sendMessage "HTTP/1.1 200 OK"
2025-07-23 11:27:30,748 - INFO - HTTP Request: POST https://api.telegram.org/bot8132507132:AAHGCXA_fMWIvjOxkeX9ri_nFifM8HXLVdI/getUpdates "HTTP/1.1 200 OK"
2025-07-23 11:27:30,856 - INFO - HTTP Request: POST https://api.telegram.org/bot8132507132:AAHGCXA_fMWIvjOxkeX9ri_nFifM8HXLVdI/answerCallbackQuery "HTTP/1.1 200 OK"
2025-07-23 11:27:31,073 - INFO - HTTP Request: POST https://api.telegram.org/bot8132507132:AAHGCXA_fMWIvjOxkeX9ri_nFifM8HXLVdI/editMessageText "HTTP/1.1 200 OK"
2025-07-23 11:27:33,694 - INFO - HTTP Request: POST https://api.telegram.org/bot8132507132:AAHGCXA_fMWIvjOxkeX9ri_nFifM8HXLVdI/getUpdates "HTTP/1.1 409 Conflict"
2025-07-23 11:27:33,699 - ERROR - No error handlers are registered, logging exception.
Traceback (most recent call last):
  File "/Volumes/ARIMA/bot-event/.venv/lib/python3.9/site-packages/telegram/ext/_utils/networkloop.py", line 115, in network_retry_loop
    if not await do_action():
  File "/Volumes/ARIMA/bot-event/.venv/lib/python3.9/site-packages/telegram/ext/_utils/networkloop.py", line 108, in do_action
    return action_cb_task.result()
  File "/Volumes/ARIMA/bot-event/.venv/lib/python3.9/site-packages/telegram/ext/_updater.py", line 340, in polling_action_cb
    updates = await self.bot.get_updates(
  File "/Volumes/ARIMA/bot-event/.venv/lib/python3.9/site-packages/telegram/ext/_extbot.py", line 670, in get_updates
    updates = await super().get_updates(
  File "/Volumes/ARIMA/bot-event/.venv/lib/python3.9/site-packages/telegram/_bot.py", line 4611, in get_updates
    await self._post(
  File "/Volumes/ARIMA/bot-event/.venv/lib/python3.9/site-packages/telegram/_bot.py", line 698, in _post
    return await self._do_post(
  File "/Volumes/ARIMA/bot-event/.venv/lib/python3.9/site-packages/telegram/ext/_extbot.py", line 370, in _do_post
    return await super()._do_post(
  File "/Volumes/ARIMA/bot-event/.venv/lib/python3.9/site-packages/telegram/_bot.py", line 727, in _do_post
    result = await request.post(
  File "/Volumes/ARIMA/bot-event/.venv/lib/python3.9/site-packages/telegram/request/_baserequest.py", line 197, in post
    result = await self._request_wrapper(
  File "/Volumes/ARIMA/bot-event/.venv/lib/python3.9/site-packages/telegram/request/_baserequest.py", line 374, in _request_wrapper
    raise exception
telegram.error.Conflict: Conflict: terminated by other getUpdates request; make sure that only one bot instance is running
2025-07-23 11:27:40,141 - INFO - HTTP Request: POST https://api.telegram.org/bot8132507132:AAHGCXA_fMWIvjOxkeX9ri_nFifM8HXLVdI/getUpdates "HTTP/1.1 409 Conflict"
2025-07-23 11:27:40,142 - ERROR - No error handlers are registered, logging exception.
Traceback (most recent call last):
  File "/Volumes/ARIMA/bot-event/.venv/lib/python3.9/site-packages/telegram/ext/_utils/networkloop.py", line 115, in network_retry_loop
    if not await do_action():
  File "/Volumes/ARIMA/bot-event/.venv/lib/python3.9/site-packages/telegram/ext/_utils/networkloop.py", line 108, in do_action
    return action_cb_task.result()
  File "/Volumes/ARIMA/bot-event/.venv/lib/python3.9/site-packages/telegram/ext/_updater.py", line 340, in polling_action_cb
    updates = await self.bot.get_updates(
  File "/Volumes/ARIMA/bot-event/.venv/lib/python3.9/site-packages/telegram/ext/_extbot.py", line 670, in get_updates
    updates = await super().get_updates(
  File "/Volumes/ARIMA/bot-event/.venv/lib/python3.9/site-packages/telegram/_bot.py", line 4611, in get_updates
    await self._post(
  File "/Volumes/ARIMA/bot-event/.venv/lib/python3.9/site-packages/telegram/_bot.py", line 698, in _post
    return await self._do_post(
  File "/Volumes/ARIMA/bot-event/.venv/lib/python3.9/site-packages/telegram/ext/_extbot.py", line 370, in _do_post
    return await super()._do_post(
  File "/Volumes/ARIMA/bot-event/.venv/lib/python3.9/site-packages/telegram/_bot.py", line 727, in _do_post
    result = await request.post(
  File "/Volumes/ARIMA/bot-event/.venv/lib/python3.9/site-packages/telegram/request/_baserequest.py", line 197, in post
    result = await self._request_wrapper(
  File "/Volumes/ARIMA/bot-event/.venv/lib/python3.9/site-packages/telegram/request/_baserequest.py", line 374, in _request_wrapper
    raise exception
telegram.error.Conflict: Conflict: terminated by other getUpdates request; make sure that only one bot instance is running
2025-07-23 11:27:51,754 - INFO - HTTP Request: POST https://api.telegram.org/bot8132507132:AAHGCXA_fMWIvjOxkeX9ri_nFifM8HXLVdI/getUpdates "HTTP/1.1 200 OK"
2025-07-23 11:27:51,889 - INFO - HTTP Request: POST https://api.telegram.org/bot8132507132:AAHGCXA_fMWIvjOxkeX9ri_nFifM8HXLVdI/getUpdates "HTTP/1.1 200 OK"
2025-07-23 11:27:52,425 - INFO - HTTP Request: POST https://api.telegram.org/bot8132507132:AAHGCXA_fMWIvjOxkeX9ri_nFifM8HXLVdI/answerCallbackQuery "HTTP/1.1 200 OK"
2025-07-23 11:27:52,568 - INFO - HTTP Request: POST https://api.telegram.org/bot8132507132:AAHGCXA_fMWIvjOxkeX9ri_nFifM8HXLVdI/deleteMessage "HTTP/1.1 200 OK"
2025-07-23 11:27:52,714 - INFO - HTTP Request: POST https://api.telegram.org/bot8132507132:AAHGCXA_fMWIvjOxkeX9ri_nFifM8HXLVdI/sendMessage "HTTP/1.1 200 OK"
2025-07-23 11:27:55,385 - INFO - HTTP Request: POST https://api.telegram.org/bot8132507132:AAHGCXA_fMWIvjOxkeX9ri_nFifM8HXLVdI/getUpdates "HTTP/1.1 200 OK"
2025-07-23 11:27:55,505 - INFO - HTTP Request: POST https://api.telegram.org/bot8132507132:AAHGCXA_fMWIvjOxkeX9ri_nFifM8HXLVdI/answerCallbackQuery "HTTP/1.1 200 OK"
2025-07-23 11:27:55,913 - INFO - HTTP Request: POST https://api.telegram.org/bot8132507132:AAHGCXA_fMWIvjOxkeX9ri_nFifM8HXLVdI/editMessageText "HTTP/1.1 200 OK"
2025-07-23 11:28:04,475 - INFO - HTTP Request: POST https://api.telegram.org/bot8132507132:AAHGCXA_fMWIvjOxkeX9ri_nFifM8HXLVdI/getUpdates "HTTP/1.1 200 OK"
2025-07-23 11:28:04,975 - INFO - HTTP Request: POST https://api.telegram.org/bot8132507132:AAHGCXA_fMWIvjOxkeX9ri_nFifM8HXLVdI/answerCallbackQuery "HTTP/1.1 200 OK"
2025-07-23 11:28:05,114 - INFO - HTTP Request: POST https://api.telegram.org/bot8132507132:AAHGCXA_fMWIvjOxkeX9ri_nFifM8HXLVdI/editMessageText "HTTP/1.1 400 Bad Request"
2025-07-23 11:28:05,115 - ERROR - No error handlers are registered, logging exception.
Traceback (most recent call last):
  File "/Volumes/ARIMA/bot-event/.venv/lib/python3.9/site-packages/telegram/ext/_application.py", line 1311, in process_update
    await coroutine
  File "/Volumes/ARIMA/bot-event/.venv/lib/python3.9/site-packages/telegram/ext/_handlers/basehandler.py", line 158, in handle_update
    return await self.callback(update, context)
  File "/Volumes/ARIMA/bot-event/event_voting_bot/bot.py", line 595, in handle_event_selection
  File "/Volumes/ARIMA/bot-event/.venv/lib/python3.9/site-packages/telegram/_callbackquery.py", line 266, in edit_message_text
    return await self._get_message().edit_text(
  File "/Volumes/ARIMA/bot-event/.venv/lib/python3.9/site-packages/telegram/_message.py", line 3904, in edit_text
    return await self.get_bot().edit_message_text(
  File "/Volumes/ARIMA/bot-event/.venv/lib/python3.9/site-packages/telegram/ext/_extbot.py", line 1723, in edit_message_text
    return await super().edit_message_text(
  File "/Volumes/ARIMA/bot-event/.venv/lib/python3.9/site-packages/telegram/_bot.py", line 4294, in edit_message_text
    return await self._send_message(
  File "/Volumes/ARIMA/bot-event/.venv/lib/python3.9/site-packages/telegram/ext/_extbot.py", line 630, in _send_message
    result = await super()._send_message(
  File "/Volumes/ARIMA/bot-event/.venv/lib/python3.9/site-packages/telegram/_bot.py", line 810, in _send_message
    result = await self._post(
  File "/Volumes/ARIMA/bot-event/.venv/lib/python3.9/site-packages/telegram/_bot.py", line 698, in _post
    return await self._do_post(
  File "/Volumes/ARIMA/bot-event/.venv/lib/python3.9/site-packages/telegram/ext/_extbot.py", line 370, in _do_post
    return await super()._do_post(
  File "/Volumes/ARIMA/bot-event/.venv/lib/python3.9/site-packages/telegram/_bot.py", line 727, in _do_post
    result = await request.post(
  File "/Volumes/ARIMA/bot-event/.venv/lib/python3.9/site-packages/telegram/request/_baserequest.py", line 197, in post
    result = await self._request_wrapper(
  File "/Volumes/ARIMA/bot-event/.venv/lib/python3.9/site-packages/telegram/request/_baserequest.py", line 374, in _request_wrapper
    raise exception
telegram.error.BadRequest: Message is not modified: specified new message content and reply markup are exactly the same as a current content and reply markup of the message
2025-07-23 11:28:07,758 - INFO - HTTP Request: POST https://api.telegram.org/bot8132507132:AAHGCXA_fMWIvjOxkeX9ri_nFifM8HXLVdI/getUpdates "HTTP/1.1 200 OK"
2025-07-23 11:28:07,925 - INFO - HTTP Request: POST https://api.telegram.org/bot8132507132:AAHGCXA_fMWIvjOxkeX9ri_nFifM8HXLVdI/answerCallbackQuery "HTTP/1.1 200 OK"
2025-07-23 11:28:08,052 - INFO - HTTP Request: POST https://api.telegram.org/bot8132507132:AAHGCXA_fMWIvjOxkeX9ri_nFifM8HXLVdI/editMessageText "HTTP/1.1 400 Bad Request"
2025-07-23 11:28:08,053 - ERROR - No error handlers are registered, logging exception.
Traceback (most recent call last):
  File "/Volumes/ARIMA/bot-event/.venv/lib/python3.9/site-packages/telegram/ext/_application.py", line 1311, in process_update
    await coroutine
  File "/Volumes/ARIMA/bot-event/.venv/lib/python3.9/site-packages/telegram/ext/_handlers/basehandler.py", line 158, in handle_update
    return await self.callback(update, context)
  File "/Volumes/ARIMA/bot-event/event_voting_bot/bot.py", line 595, in handle_event_selection
  File "/Volumes/ARIMA/bot-event/.venv/lib/python3.9/site-packages/telegram/_callbackquery.py", line 266, in edit_message_text
    return await self._get_message().edit_text(
  File "/Volumes/ARIMA/bot-event/.venv/lib/python3.9/site-packages/telegram/_message.py", line 3904, in edit_text
    return await self.get_bot().edit_message_text(
  File "/Volumes/ARIMA/bot-event/.venv/lib/python3.9/site-packages/telegram/ext/_extbot.py", line 1723, in edit_message_text
    return await super().edit_message_text(
  File "/Volumes/ARIMA/bot-event/.venv/lib/python3.9/site-packages/telegram/_bot.py", line 4294, in edit_message_text
    return await self._send_message(
  File "/Volumes/ARIMA/bot-event/.venv/lib/python3.9/site-packages/telegram/ext/_extbot.py", line 630, in _send_message
    result = await super()._send_message(
  File "/Volumes/ARIMA/bot-event/.venv/lib/python3.9/site-packages/telegram/_bot.py", line 810, in _send_message
    result = await self._post(
  File "/Volumes/ARIMA/bot-event/.venv/lib/python3.9/site-packages/telegram/_bot.py", line 698, in _post
    return await self._do_post(
  File "/Volumes/ARIMA/bot-event/.venv/lib/python3.9/site-packages/telegram/ext/_extbot.py", line 370, in _do_post
    return await super()._do_post(
  File "/Volumes/ARIMA/bot-event/.venv/lib/python3.9/site-packages/telegram/_bot.py", line 727, in _do_post
    result = await request.post(
  File "/Volumes/ARIMA/bot-event/.venv/lib/python3.9/site-packages/telegram/request/_baserequest.py", line 197, in post
    result = await self._request_wrapper(
  File "/Volumes/ARIMA/bot-event/.venv/lib/python3.9/site-packages/telegram/request/_baserequest.py", line 374, in _request_wrapper
    raise exception
telegram.error.BadRequest: Message is not modified: specified new message content and reply markup are exactly the same as a current content and reply markup of the message
2025-07-23 11:28:09,666 - INFO - HTTP Request: POST https://api.telegram.org/bot8132507132:AAHGCXA_fMWIvjOxkeX9ri_nFifM8HXLVdI/getUpdates "HTTP/1.1 409 Conflict"
2025-07-23 11:28:09,668 - ERROR - No error handlers are registered, logging exception.
Traceback (most recent call last):
  File "/Volumes/ARIMA/bot-event/.venv/lib/python3.9/site-packages/telegram/ext/_utils/networkloop.py", line 115, in network_retry_loop
    if not await do_action():
  File "/Volumes/ARIMA/bot-event/.venv/lib/python3.9/site-packages/telegram/ext/_utils/networkloop.py", line 108, in do_action
    return action_cb_task.result()
  File "/Volumes/ARIMA/bot-event/.venv/lib/python3.9/site-packages/telegram/ext/_updater.py", line 340, in polling_action_cb
    updates = await self.bot.get_updates(
  File "/Volumes/ARIMA/bot-event/.venv/lib/python3.9/site-packages/telegram/ext/_extbot.py", line 670, in get_updates
    updates = await super().get_updates(
  File "/Volumes/ARIMA/bot-event/.venv/lib/python3.9/site-packages/telegram/_bot.py", line 4611, in get_updates
    await self._post(
  File "/Volumes/ARIMA/bot-event/.venv/lib/python3.9/site-packages/telegram/_bot.py", line 698, in _post
    return await self._do_post(
  File "/Volumes/ARIMA/bot-event/.venv/lib/python3.9/site-packages/telegram/ext/_extbot.py", line 370, in _do_post
    return await super()._do_post(
  File "/Volumes/ARIMA/bot-event/.venv/lib/python3.9/site-packages/telegram/_bot.py", line 727, in _do_post
    result = await request.post(
  File "/Volumes/ARIMA/bot-event/.venv/lib/python3.9/site-packages/telegram/request/_baserequest.py", line 197, in post
    result = await self._request_wrapper(
  File "/Volumes/ARIMA/bot-event/.venv/lib/python3.9/site-packages/telegram/request/_baserequest.py", line 374, in _request_wrapper
    raise exception
telegram.error.Conflict: Conflict: terminated by other getUpdates request; make sure that only one bot instance is running
2025-07-23 11:28:11,336 - INFO - HTTP Request: POST https://api.telegram.org/bot8132507132:AAHGCXA_fMWIvjOxkeX9ri_nFifM8HXLVdI/getUpdates "HTTP/1.1 200 OK"
2025-07-23 11:28:11,457 - INFO - HTTP Request: POST https://api.telegram.org/bot8132507132:AAHGCXA_fMWIvjOxkeX9ri_nFifM8HXLVdI/answerCallbackQuery "HTTP/1.1 200 OK"
2025-07-23 11:28:11,596 - INFO - HTTP Request: POST https://api.telegram.org/bot8132507132:AAHGCXA_fMWIvjOxkeX9ri_nFifM8HXLVdI/editMessageText "HTTP/1.1 400 Bad Request"
2025-07-23 11:28:11,597 - ERROR - No error handlers are registered, logging exception.
Traceback (most recent call last):
  File "/Volumes/ARIMA/bot-event/.venv/lib/python3.9/site-packages/telegram/ext/_application.py", line 1311, in process_update
    await coroutine
  File "/Volumes/ARIMA/bot-event/.venv/lib/python3.9/site-packages/telegram/ext/_handlers/basehandler.py", line 158, in handle_update
    return await self.callback(update, context)
  File "/Volumes/ARIMA/bot-event/event_voting_bot/bot.py", line 595, in handle_event_selection
  File "/Volumes/ARIMA/bot-event/.venv/lib/python3.9/site-packages/telegram/_callbackquery.py", line 266, in edit_message_text
    return await self._get_message().edit_text(
  File "/Volumes/ARIMA/bot-event/.venv/lib/python3.9/site-packages/telegram/_message.py", line 3904, in edit_text
    return await self.get_bot().edit_message_text(
  File "/Volumes/ARIMA/bot-event/.venv/lib/python3.9/site-packages/telegram/ext/_extbot.py", line 1723, in edit_message_text
    return await super().edit_message_text(
  File "/Volumes/ARIMA/bot-event/.venv/lib/python3.9/site-packages/telegram/_bot.py", line 4294, in edit_message_text
    return await self._send_message(
  File "/Volumes/ARIMA/bot-event/.venv/lib/python3.9/site-packages/telegram/ext/_extbot.py", line 630, in _send_message
    result = await super()._send_message(
  File "/Volumes/ARIMA/bot-event/.venv/lib/python3.9/site-packages/telegram/_bot.py", line 810, in _send_message
    result = await self._post(
  File "/Volumes/ARIMA/bot-event/.venv/lib/python3.9/site-packages/telegram/_bot.py", line 698, in _post
    return await self._do_post(
  File "/Volumes/ARIMA/bot-event/.venv/lib/python3.9/site-packages/telegram/ext/_extbot.py", line 370, in _do_post
    return await super()._do_post(
  File "/Volumes/ARIMA/bot-event/.venv/lib/python3.9/site-packages/telegram/_bot.py", line 727, in _do_post
    result = await request.post(
  File "/Volumes/ARIMA/bot-event/.venv/lib/python3.9/site-packages/telegram/request/_baserequest.py", line 197, in post
    result = await self._request_wrapper(
  File "/Volumes/ARIMA/bot-event/.venv/lib/python3.9/site-packages/telegram/request/_baserequest.py", line 374, in _request_wrapper
    raise exception
telegram.error.BadRequest: Message is not modified: specified new message content and reply markup are exactly the same as a current content and reply markup of the message
2025-07-23 11:28:14,957 - INFO - HTTP Request: POST https://api.telegram.org/bot8132507132:AAHGCXA_fMWIvjOxkeX9ri_nFifM8HXLVdI/getUpdates "HTTP/1.1 409 Conflict"
2025-07-23 11:28:14,959 - ERROR - No error handlers are registered, logging exception.
Traceback (most recent call last):
  File "/Volumes/ARIMA/bot-event/.venv/lib/python3.9/site-packages/telegram/ext/_utils/networkloop.py", line 115, in network_retry_loop
    if not await do_action():
  File "/Volumes/ARIMA/bot-event/.venv/lib/python3.9/site-packages/telegram/ext/_utils/networkloop.py", line 108, in do_action
    return action_cb_task.result()
  File "/Volumes/ARIMA/bot-event/.venv/lib/python3.9/site-packages/telegram/ext/_updater.py", line 340, in polling_action_cb
    updates = await self.bot.get_updates(
  File "/Volumes/ARIMA/bot-event/.venv/lib/python3.9/site-packages/telegram/ext/_extbot.py", line 670, in get_updates
    updates = await super().get_updates(
  File "/Volumes/ARIMA/bot-event/.venv/lib/python3.9/site-packages/telegram/_bot.py", line 4611, in get_updates
    await self._post(
  File "/Volumes/ARIMA/bot-event/.venv/lib/python3.9/site-packages/telegram/_bot.py", line 698, in _post
    return await self._do_post(
  File "/Volumes/ARIMA/bot-event/.venv/lib/python3.9/site-packages/telegram/ext/_extbot.py", line 370, in _do_post
    return await super()._do_post(
  File "/Volumes/ARIMA/bot-event/.venv/lib/python3.9/site-packages/telegram/_bot.py", line 727, in _do_post
    result = await request.post(
  File "/Volumes/ARIMA/bot-event/.venv/lib/python3.9/site-packages/telegram/request/_baserequest.py", line 197, in post
    result = await self._request_wrapper(
  File "/Volumes/ARIMA/bot-event/.venv/lib/python3.9/site-packages/telegram/request/_baserequest.py", line 374, in _request_wrapper
    raise exception
telegram.error.Conflict: Conflict: terminated by other getUpdates request; make sure that only one bot instance is running
2025-07-23 11:28:17,863 - INFO - HTTP Request: POST https://api.telegram.org/bot8132507132:AAHGCXA_fMWIvjOxkeX9ri_nFifM8HXLVdI/getUpdates "HTTP/1.1 200 OK"
2025-07-23 11:28:18,344 - INFO - HTTP Request: POST https://api.telegram.org/bot8132507132:AAHGCXA_fMWIvjOxkeX9ri_nFifM8HXLVdI/answerCallbackQuery "HTTP/1.1 200 OK"
2025-07-23 11:28:18,477 - INFO - HTTP Request: POST https://api.telegram.org/bot8132507132:AAHGCXA_fMWIvjOxkeX9ri_nFifM8HXLVdI/deleteMessage "HTTP/1.1 200 OK"
2025-07-23 11:28:18,605 - INFO - HTTP Request: POST https://api.telegram.org/bot8132507132:AAHGCXA_fMWIvjOxkeX9ri_nFifM8HXLVdI/sendMessage "HTTP/1.1 200 OK"
2025-07-23 11:28:19,506 - INFO - HTTP Request: POST https://api.telegram.org/bot8132507132:AAHGCXA_fMWIvjOxkeX9ri_nFifM8HXLVdI/getUpdates "HTTP/1.1 200 OK"
2025-07-23 11:28:19,636 - INFO - HTTP Request: POST https://api.telegram.org/bot8132507132:AAHGCXA_fMWIvjOxkeX9ri_nFifM8HXLVdI/answerCallbackQuery "HTTP/1.1 200 OK"
2025-07-23 11:28:19,770 - INFO - HTTP Request: POST https://api.telegram.org/bot8132507132:AAHGCXA_fMWIvjOxkeX9ri_nFifM8HXLVdI/editMessageText "HTTP/1.1 200 OK"
2025-07-23 11:28:19,838 - INFO - HTTP Request: POST https://api.telegram.org/bot8132507132:AAHGCXA_fMWIvjOxkeX9ri_nFifM8HXLVdI/getUpdates "HTTP/1.1 409 Conflict"
2025-07-23 11:28:19,839 - ERROR - No error handlers are registered, logging exception.
Traceback (most recent call last):
  File "/Volumes/ARIMA/bot-event/.venv/lib/python3.9/site-packages/telegram/ext/_utils/networkloop.py", line 115, in network_retry_loop
    if not await do_action():
  File "/Volumes/ARIMA/bot-event/.venv/lib/python3.9/site-packages/telegram/ext/_utils/networkloop.py", line 108, in do_action
    return action_cb_task.result()
  File "/Volumes/ARIMA/bot-event/.venv/lib/python3.9/site-packages/telegram/ext/_updater.py", line 340, in polling_action_cb
    updates = await self.bot.get_updates(
  File "/Volumes/ARIMA/bot-event/.venv/lib/python3.9/site-packages/telegram/ext/_extbot.py", line 670, in get_updates
    updates = await super().get_updates(
  File "/Volumes/ARIMA/bot-event/.venv/lib/python3.9/site-packages/telegram/_bot.py", line 4611, in get_updates
    await self._post(
  File "/Volumes/ARIMA/bot-event/.venv/lib/python3.9/site-packages/telegram/_bot.py", line 698, in _post
    return await self._do_post(
  File "/Volumes/ARIMA/bot-event/.venv/lib/python3.9/site-packages/telegram/ext/_extbot.py", line 370, in _do_post
    return await super()._do_post(
  File "/Volumes/ARIMA/bot-event/.venv/lib/python3.9/site-packages/telegram/_bot.py", line 727, in _do_post
    result = await request.post(
  File "/Volumes/ARIMA/bot-event/.venv/lib/python3.9/site-packages/telegram/request/_baserequest.py", line 197, in post
    result = await self._request_wrapper(
  File "/Volumes/ARIMA/bot-event/.venv/lib/python3.9/site-packages/telegram/request/_baserequest.py", line 374, in _request_wrapper
    raise exception
telegram.error.Conflict: Conflict: terminated by other getUpdates request; make sure that only one bot instance is running
2025-07-23 11:28:25,068 - INFO - HTTP Request: POST https://api.telegram.org/bot8132507132:AAHGCXA_fMWIvjOxkeX9ri_nFifM8HXLVdI/getUpdates "HTTP/1.1 409 Conflict"
2025-07-23 11:28:25,084 - ERROR - No error handlers are registered, logging exception.
Traceback (most recent call last):
  File "/Volumes/ARIMA/bot-event/.venv/lib/python3.9/site-packages/telegram/ext/_utils/networkloop.py", line 115, in network_retry_loop
    if not await do_action():
  File "/Volumes/ARIMA/bot-event/.venv/lib/python3.9/site-packages/telegram/ext/_utils/networkloop.py", line 108, in do_action
    return action_cb_task.result()
  File "/Volumes/ARIMA/bot-event/.venv/lib/python3.9/site-packages/telegram/ext/_updater.py", line 340, in polling_action_cb
    updates = await self.bot.get_updates(
  File "/Volumes/ARIMA/bot-event/.venv/lib/python3.9/site-packages/telegram/ext/_extbot.py", line 670, in get_updates
    updates = await super().get_updates(
  File "/Volumes/ARIMA/bot-event/.venv/lib/python3.9/site-packages/telegram/_bot.py", line 4611, in get_updates
    await self._post(
  File "/Volumes/ARIMA/bot-event/.venv/lib/python3.9/site-packages/telegram/_bot.py", line 698, in _post
    return await self._do_post(
  File "/Volumes/ARIMA/bot-event/.venv/lib/python3.9/site-packages/telegram/ext/_extbot.py", line 370, in _do_post
    return await super()._do_post(
  File "/Volumes/ARIMA/bot-event/.venv/lib/python3.9/site-packages/telegram/_bot.py", line 727, in _do_post
    result = await request.post(
  File "/Volumes/ARIMA/bot-event/.venv/lib/python3.9/site-packages/telegram/request/_baserequest.py", line 197, in post
    result = await self._request_wrapper(
  File "/Volumes/ARIMA/bot-event/.venv/lib/python3.9/site-packages/telegram/request/_baserequest.py", line 374, in _request_wrapper
    raise exception
telegram.error.Conflict: Conflict: terminated by other getUpdates request; make sure that only one bot instance is running
2025-07-23 11:28:30,312 - INFO - HTTP Request: POST https://api.telegram.org/bot8132507132:AAHGCXA_fMWIvjOxkeX9ri_nFifM8HXLVdI/getUpdates "HTTP/1.1 409 Conflict"
2025-07-23 11:28:30,314 - ERROR - No error handlers are registered, logging exception.
Traceback (most recent call last):
  File "/Volumes/ARIMA/bot-event/.venv/lib/python3.9/site-packages/telegram/ext/_utils/networkloop.py", line 115, in network_retry_loop
    if not await do_action():
  File "/Volumes/ARIMA/bot-event/.venv/lib/python3.9/site-packages/telegram/ext/_utils/networkloop.py", line 108, in do_action
    return action_cb_task.result()
  File "/Volumes/ARIMA/bot-event/.venv/lib/python3.9/site-packages/telegram/ext/_updater.py", line 340, in polling_action_cb
    updates = await self.bot.get_updates(
  File "/Volumes/ARIMA/bot-event/.venv/lib/python3.9/site-packages/telegram/ext/_extbot.py", line 670, in get_updates
    updates = await super().get_updates(
  File "/Volumes/ARIMA/bot-event/.venv/lib/python3.9/site-packages/telegram/_bot.py", line 4611, in get_updates
    await self._post(
  File "/Volumes/ARIMA/bot-event/.venv/lib/python3.9/site-packages/telegram/_bot.py", line 698, in _post
    return await self._do_post(
  File "/Volumes/ARIMA/bot-event/.venv/lib/python3.9/site-packages/telegram/ext/_extbot.py", line 370, in _do_post
    return await super()._do_post(
  File "/Volumes/ARIMA/bot-event/.venv/lib/python3.9/site-packages/telegram/_bot.py", line 727, in _do_post
    result = await request.post(
  File "/Volumes/ARIMA/bot-event/.venv/lib/python3.9/site-packages/telegram/request/_baserequest.py", line 197, in post
    result = await self._request_wrapper(
  File "/Volumes/ARIMA/bot-event/.venv/lib/python3.9/site-packages/telegram/request/_baserequest.py", line 374, in _request_wrapper
    raise exception
telegram.error.Conflict: Conflict: terminated by other getUpdates request; make sure that only one bot instance is running
2025-07-23 11:28:36,186 - INFO - HTTP Request: POST https://api.telegram.org/bot8132507132:AAHGCXA_fMWIvjOxkeX9ri_nFifM8HXLVdI/getUpdates "HTTP/1.1 409 Conflict"
2025-07-23 11:28:36,187 - ERROR - No error handlers are registered, logging exception.
Traceback (most recent call last):
  File "/Volumes/ARIMA/bot-event/.venv/lib/python3.9/site-packages/telegram/ext/_utils/networkloop.py", line 115, in network_retry_loop
    if not await do_action():
  File "/Volumes/ARIMA/bot-event/.venv/lib/python3.9/site-packages/telegram/ext/_utils/networkloop.py", line 108, in do_action
    return action_cb_task.result()
  File "/Volumes/ARIMA/bot-event/.venv/lib/python3.9/site-packages/telegram/ext/_updater.py", line 340, in polling_action_cb
    updates = await self.bot.get_updates(
  File "/Volumes/ARIMA/bot-event/.venv/lib/python3.9/site-packages/telegram/ext/_extbot.py", line 670, in get_updates
    updates = await super().get_updates(
  File "/Volumes/ARIMA/bot-event/.venv/lib/python3.9/site-packages/telegram/_bot.py", line 4611, in get_updates
    await self._post(
  File "/Volumes/ARIMA/bot-event/.venv/lib/python3.9/site-packages/telegram/_bot.py", line 698, in _post
    return await self._do_post(
  File "/Volumes/ARIMA/bot-event/.venv/lib/python3.9/site-packages/telegram/ext/_extbot.py", line 370, in _do_post
    return await super()._do_post(
  File "/Volumes/ARIMA/bot-event/.venv/lib/python3.9/site-packages/telegram/_bot.py", line 727, in _do_post
    result = await request.post(
  File "/Volumes/ARIMA/bot-event/.venv/lib/python3.9/site-packages/telegram/request/_baserequest.py", line 197, in post
    result = await self._request_wrapper(
  File "/Volumes/ARIMA/bot-event/.venv/lib/python3.9/site-packages/telegram/request/_baserequest.py", line 374, in _request_wrapper
    raise exception
telegram.error.Conflict: Conflict: terminated by other getUpdates request; make sure that only one bot instance is running
2025-07-23 11:28:43,609 - INFO - HTTP Request: POST https://api.telegram.org/bot8132507132:AAHGCXA_fMWIvjOxkeX9ri_nFifM8HXLVdI/getUpdates "HTTP/1.1 409 Conflict"
2025-07-23 11:28:43,611 - ERROR - No error handlers are registered, logging exception.
Traceback (most recent call last):
  File "/Volumes/ARIMA/bot-event/.venv/lib/python3.9/site-packages/telegram/ext/_utils/networkloop.py", line 115, in network_retry_loop
    if not await do_action():
  File "/Volumes/ARIMA/bot-event/.venv/lib/python3.9/site-packages/telegram/ext/_utils/networkloop.py", line 108, in do_action
    return action_cb_task.result()
  File "/Volumes/ARIMA/bot-event/.venv/lib/python3.9/site-packages/telegram/ext/_updater.py", line 340, in polling_action_cb
    updates = await self.bot.get_updates(
  File "/Volumes/ARIMA/bot-event/.venv/lib/python3.9/site-packages/telegram/ext/_extbot.py", line 670, in get_updates
    updates = await super().get_updates(
  File "/Volumes/ARIMA/bot-event/.venv/lib/python3.9/site-packages/telegram/_bot.py", line 4611, in get_updates
    await self._post(
  File "/Volumes/ARIMA/bot-event/.venv/lib/python3.9/site-packages/telegram/_bot.py", line 698, in _post
    return await self._do_post(
  File "/Volumes/ARIMA/bot-event/.venv/lib/python3.9/site-packages/telegram/ext/_extbot.py", line 370, in _do_post
    return await super()._do_post(
  File "/Volumes/ARIMA/bot-event/.venv/lib/python3.9/site-packages/telegram/_bot.py", line 727, in _do_post
    result = await request.post(
  File "/Volumes/ARIMA/bot-event/.venv/lib/python3.9/site-packages/telegram/request/_baserequest.py", line 197, in post
    result = await self._request_wrapper(
  File "/Volumes/ARIMA/bot-event/.venv/lib/python3.9/site-packages/telegram/request/_baserequest.py", line 374, in _request_wrapper
    raise exception
telegram.error.Conflict: Conflict: terminated by other getUpdates request; make sure that only one bot instance is running
2025-07-23 11:28:53,065 - INFO - HTTP Request: POST https://api.telegram.org/bot8132507132:AAHGCXA_fMWIvjOxkeX9ri_nFifM8HXLVdI/getUpdates "HTTP/1.1 409 Conflict"
2025-07-23 11:28:53,067 - ERROR - No error handlers are registered, logging exception.
Traceback (most recent call last):
  File "/Volumes/ARIMA/bot-event/.venv/lib/python3.9/site-packages/telegram/ext/_utils/networkloop.py", line 115, in network_retry_loop
    if not await do_action():
  File "/Volumes/ARIMA/bot-event/.venv/lib/python3.9/site-packages/telegram/ext/_utils/networkloop.py", line 108, in do_action
    return action_cb_task.result()
  File "/Volumes/ARIMA/bot-event/.venv/lib/python3.9/site-packages/telegram/ext/_updater.py", line 340, in polling_action_cb
    updates = await self.bot.get_updates(
  File "/Volumes/ARIMA/bot-event/.venv/lib/python3.9/site-packages/telegram/ext/_extbot.py", line 670, in get_updates
    updates = await super().get_updates(
  File "/Volumes/ARIMA/bot-event/.venv/lib/python3.9/site-packages/telegram/_bot.py", line 4611, in get_updates
    await self._post(
  File "/Volumes/ARIMA/bot-event/.venv/lib/python3.9/site-packages/telegram/_bot.py", line 698, in _post
    return await self._do_post(
  File "/Volumes/ARIMA/bot-event/.venv/lib/python3.9/site-packages/telegram/ext/_extbot.py", line 370, in _do_post
    return await super()._do_post(
  File "/Volumes/ARIMA/bot-event/.venv/lib/python3.9/site-packages/telegram/_bot.py", line 727, in _do_post
    result = await request.post(
  File "/Volumes/ARIMA/bot-event/.venv/lib/python3.9/site-packages/telegram/request/_baserequest.py", line 197, in post
    result = await self._request_wrapper(
  File "/Volumes/ARIMA/bot-event/.venv/lib/python3.9/site-packages/telegram/request/_baserequest.py", line 374, in _request_wrapper
    raise exception
telegram.error.Conflict: Conflict: terminated by other getUpdates request; make sure that only one bot instance is running
2025-07-23 11:29:05,607 - INFO - HTTP Request: POST https://api.telegram.org/bot8132507132:AAHGCXA_fMWIvjOxkeX9ri_nFifM8HXLVdI/getUpdates "HTTP/1.1 409 Conflict"
2025-07-23 11:29:05,622 - ERROR - No error handlers are registered, logging exception.
Traceback (most recent call last):
  File "/Volumes/ARIMA/bot-event/.venv/lib/python3.9/site-packages/telegram/ext/_utils/networkloop.py", line 115, in network_retry_loop
    if not await do_action():
  File "/Volumes/ARIMA/bot-event/.venv/lib/python3.9/site-packages/telegram/ext/_utils/networkloop.py", line 108, in do_action
    return action_cb_task.result()
  File "/Volumes/ARIMA/bot-event/.venv/lib/python3.9/site-packages/telegram/ext/_updater.py", line 340, in polling_action_cb
    updates = await self.bot.get_updates(
  File "/Volumes/ARIMA/bot-event/.venv/lib/python3.9/site-packages/telegram/ext/_extbot.py", line 670, in get_updates
    updates = await super().get_updates(
  File "/Volumes/ARIMA/bot-event/.venv/lib/python3.9/site-packages/telegram/_bot.py", line 4611, in get_updates
    await self._post(
  File "/Volumes/ARIMA/bot-event/.venv/lib/python3.9/site-packages/telegram/_bot.py", line 698, in _post
    return await self._do_post(
  File "/Volumes/ARIMA/bot-event/.venv/lib/python3.9/site-packages/telegram/ext/_extbot.py", line 370, in _do_post
    return await super()._do_post(
  File "/Volumes/ARIMA/bot-event/.venv/lib/python3.9/site-packages/telegram/_bot.py", line 727, in _do_post
    result = await request.post(
  File "/Volumes/ARIMA/bot-event/.venv/lib/python3.9/site-packages/telegram/request/_baserequest.py", line 197, in post
    result = await self._request_wrapper(
  File "/Volumes/ARIMA/bot-event/.venv/lib/python3.9/site-packages/telegram/request/_baserequest.py", line 374, in _request_wrapper
    raise exception
telegram.error.Conflict: Conflict: terminated by other getUpdates request; make sure that only one bot instance is running
2025-07-23 11:29:23,849 - INFO - HTTP Request: POST https://api.telegram.org/bot8132507132:AAHGCXA_fMWIvjOxkeX9ri_nFifM8HXLVdI/getUpdates "HTTP/1.1 409 Conflict"
2025-07-23 11:29:23,864 - ERROR - No error handlers are registered, logging exception.
Traceback (most recent call last):
  File "/Volumes/ARIMA/bot-event/.venv/lib/python3.9/site-packages/telegram/ext/_utils/networkloop.py", line 115, in network_retry_loop
    if not await do_action():
  File "/Volumes/ARIMA/bot-event/.venv/lib/python3.9/site-packages/telegram/ext/_utils/networkloop.py", line 108, in do_action
    return action_cb_task.result()
  File "/Volumes/ARIMA/bot-event/.venv/lib/python3.9/site-packages/telegram/ext/_updater.py", line 340, in polling_action_cb
    updates = await self.bot.get_updates(
  File "/Volumes/ARIMA/bot-event/.venv/lib/python3.9/site-packages/telegram/ext/_extbot.py", line 670, in get_updates
    updates = await super().get_updates(
  File "/Volumes/ARIMA/bot-event/.venv/lib/python3.9/site-packages/telegram/_bot.py", line 4611, in get_updates
    await self._post(
  File "/Volumes/ARIMA/bot-event/.venv/lib/python3.9/site-packages/telegram/_bot.py", line 698, in _post
    return await self._do_post(
  File "/Volumes/ARIMA/bot-event/.venv/lib/python3.9/site-packages/telegram/ext/_extbot.py", line 370, in _do_post
    return await super()._do_post(
  File "/Volumes/ARIMA/bot-event/.venv/lib/python3.9/site-packages/telegram/_bot.py", line 727, in _do_post
    result = await request.post(
  File "/Volumes/ARIMA/bot-event/.venv/lib/python3.9/site-packages/telegram/request/_baserequest.py", line 197, in post
    result = await self._request_wrapper(
  File "/Volumes/ARIMA/bot-event/.venv/lib/python3.9/site-packages/telegram/request/_baserequest.py", line 374, in _request_wrapper
    raise exception
telegram.error.Conflict: Conflict: terminated by other getUpdates request; make sure that only one bot instance is running
2025-07-23 11:29:45,021 - INFO - HTTP Request: POST https://api.telegram.org/bot8132507132:AAHGCXA_fMWIvjOxkeX9ri_nFifM8HXLVdI/getUpdates "HTTP/1.1 409 Conflict"
2025-07-23 11:29:45,036 - ERROR - No error handlers are registered, logging exception.
Traceback (most recent call last):
  File "/Volumes/ARIMA/bot-event/.venv/lib/python3.9/site-packages/telegram/ext/_utils/networkloop.py", line 115, in network_retry_loop
    if not await do_action():
  File "/Volumes/ARIMA/bot-event/.venv/lib/python3.9/site-packages/telegram/ext/_utils/networkloop.py", line 108, in do_action
    return action_cb_task.result()
  File "/Volumes/ARIMA/bot-event/.venv/lib/python3.9/site-packages/telegram/ext/_updater.py", line 340, in polling_action_cb
    updates = await self.bot.get_updates(
  File "/Volumes/ARIMA/bot-event/.venv/lib/python3.9/site-packages/telegram/ext/_extbot.py", line 670, in get_updates
    updates = await super().get_updates(
  File "/Volumes/ARIMA/bot-event/.venv/lib/python3.9/site-packages/telegram/_bot.py", line 4611, in get_updates
    await self._post(
  File "/Volumes/ARIMA/bot-event/.venv/lib/python3.9/site-packages/telegram/_bot.py", line 698, in _post
    return await self._do_post(
  File "/Volumes/ARIMA/bot-event/.venv/lib/python3.9/site-packages/telegram/ext/_extbot.py", line 370, in _do_post
    return await super()._do_post(
  File "/Volumes/ARIMA/bot-event/.venv/lib/python3.9/site-packages/telegram/_bot.py", line 727, in _do_post
    result = await request.post(
  File "/Volumes/ARIMA/bot-event/.venv/lib/python3.9/site-packages/telegram/request/_baserequest.py", line 197, in post
    result = await self._request_wrapper(
  File "/Volumes/ARIMA/bot-event/.venv/lib/python3.9/site-packages/telegram/request/_baserequest.py", line 374, in _request_wrapper
    raise exception
telegram.error.Conflict: Conflict: terminated by other getUpdates request; make sure that only one bot instance is running
2025-07-23 11:30:15,802 - INFO - HTTP Request: POST https://api.telegram.org/bot8132507132:AAHGCXA_fMWIvjOxkeX9ri_nFifM8HXLVdI/getUpdates "HTTP/1.1 409 Conflict"
2025-07-23 11:30:15,817 - ERROR - No error handlers are registered, logging exception.
Traceback (most recent call last):
  File "/Volumes/ARIMA/bot-event/.venv/lib/python3.9/site-packages/telegram/ext/_utils/networkloop.py", line 115, in network_retry_loop
    if not await do_action():
  File "/Volumes/ARIMA/bot-event/.venv/lib/python3.9/site-packages/telegram/ext/_utils/networkloop.py", line 108, in do_action
    return action_cb_task.result()
  File "/Volumes/ARIMA/bot-event/.venv/lib/python3.9/site-packages/telegram/ext/_updater.py", line 340, in polling_action_cb
    updates = await self.bot.get_updates(
  File "/Volumes/ARIMA/bot-event/.venv/lib/python3.9/site-packages/telegram/ext/_extbot.py", line 670, in get_updates
    updates = await super().get_updates(
  File "/Volumes/ARIMA/bot-event/.venv/lib/python3.9/site-packages/telegram/_bot.py", line 4611, in get_updates
    await self._post(
  File "/Volumes/ARIMA/bot-event/.venv/lib/python3.9/site-packages/telegram/_bot.py", line 698, in _post
    return await self._do_post(
  File "/Volumes/ARIMA/bot-event/.venv/lib/python3.9/site-packages/telegram/ext/_extbot.py", line 370, in _do_post
    return await super()._do_post(
  File "/Volumes/ARIMA/bot-event/.venv/lib/python3.9/site-packages/telegram/_bot.py", line 727, in _do_post
    result = await request.post(
  File "/Volumes/ARIMA/bot-event/.venv/lib/python3.9/site-packages/telegram/request/_baserequest.py", line 197, in post
    result = await self._request_wrapper(
  File "/Volumes/ARIMA/bot-event/.venv/lib/python3.9/site-packages/telegram/request/_baserequest.py", line 374, in _request_wrapper
    raise exception
telegram.error.Conflict: Conflict: terminated by other getUpdates request; make sure that only one bot instance is running
2025-07-23 11:30:46,310 - INFO - HTTP Request: POST https://api.telegram.org/bot8132507132:AAHGCXA_fMWIvjOxkeX9ri_nFifM8HXLVdI/getUpdates "HTTP/1.1 200 OK"
2025-07-23 11:30:46,326 - INFO - Application is stopping. This might take a moment.
2025-07-23 11:30:46,326 - INFO - Application.stop() complete
⏳ Запуск автотестов...

✅ Автотесты пройдены. Запуск бота...
🤖 Бот запущен!
Traceback (most recent call last):
  File "/Volumes/ARIMA/bot-event/event_voting_bot/bot.py", line 5, in <module>
    from event_voting_bot.database import Database
ModuleNotFoundError: No module named 'event_voting_bot'
Traceback (most recent call last):
  File "/Volumes/ARIMA/bot-event/event_voting_bot/bot.py", line 5, in <module>
    from event_voting_bot.database import Database
ModuleNotFoundError: No module named 'event_voting_bot'
Traceback (most recent call last):
  File "/Volumes/ARIMA/bot-event/event_voting_bot/bot.py", line 5, in <module>
    from event_voting_bot.database import Database
ModuleNotFoundError: No module named 'event_voting_bot'
Traceback (most recent call last):
  File "/Volumes/ARIMA/bot-event/event_voting_bot/bot.py", line 5, in <module>
    from event_voting_bot.database import Database
ModuleNotFoundError: No module named 'event_voting_bot'
Traceback (most recent call last):
  File "/Volumes/ARIMA/bot-event/event_voting_bot/bot.py", line 5, in <module>
    from event_voting_bot.database import Database
ModuleNotFoundError: No module named 'event_voting_bot'
Traceback (most recent call last):
  File "/Volumes/ARIMA/bot-event/event_voting_bot/bot.py", line 5, in <module>
    from event_voting_bot.database import Database
ModuleNotFoundError: No module named 'event_voting_bot'
Traceback (most recent call last):
  File "/Volumes/ARIMA/bot-event/event_voting_bot/bot.py", line 5, in <module>
    from event_voting_bot.database import Database
ModuleNotFoundError: No module named 'event_voting_bot'
Traceback (most recent call last):
  File "/Library/Developer/CommandLineTools/Library/Frameworks/Python3.framework/Versions/3.9/lib/python3.9/runpy.py", line 197, in _run_module_as_main
    return _run_code(code, main_globals, None,
  File "/Library/Developer/CommandLineTools/Library/Frameworks/Python3.framework/Versions/3.9/lib/python3.9/runpy.py", line 87, in _run_code
    exec(code, run_globals)
  File "/Volumes/ARIMA/bot-event/event_voting_bot/bot.py", line 5, in <module>
    from event_voting_bot.database import Database
  File "/Volumes/ARIMA/bot-event/event_voting_bot/database.py", line 7, in <module>
    from .config import config
  File "/Volumes/ARIMA/bot-event/event_voting_bot/config/config.py", line 2, in <module>
    from dotenv import load_dotenv
ModuleNotFoundError: No module named 'dotenv'
2025-07-23 14:11:30,601 - INFO - HTTP Request: POST https://api.telegram.org/bot8132507132:AAHGCXA_fMWIvjOxkeX9ri_nFifM8HXLVdI/setMyCommands "HTTP/1.1 200 OK"
2025-07-23 14:11:30,705 - INFO - HTTP Request: POST https://api.telegram.org/bot8132507132:AAHGCXA_fMWIvjOxkeX9ri_nFifM8HXLVdI/getMe "HTTP/1.1 200 OK"
2025-07-23 14:11:30,810 - INFO - HTTP Request: POST https://api.telegram.org/bot8132507132:AAHGCXA_fMWIvjOxkeX9ri_nFifM8HXLVdI/deleteWebhook "HTTP/1.1 200 OK"
2025-07-23 14:11:30,811 - INFO - Application started
2025-07-23 14:11:35,454 - INFO - HTTP Request: POST https://api.telegram.org/bot8132507132:AAHGCXA_fMWIvjOxkeX9ri_nFifM8HXLVdI/getUpdates "HTTP/1.1 409 Conflict"
2025-07-23 14:11:35,455 - ERROR - Error while getting Updates: Conflict: terminated by other getUpdates request; make sure that only one bot instance is running
2025-07-23 14:11:35,455 - ERROR - No error handlers are registered, logging exception.
Traceback (most recent call last):
  File "/Volumes/ARIMA/bot-event/venv/lib/python3.9/site-packages/telegram/ext/_updater.py", line 688, in _network_loop_retry
    if not await action_cb():
  File "/Volumes/ARIMA/bot-event/venv/lib/python3.9/site-packages/telegram/ext/_updater.py", line 384, in polling_action_cb
    raise exc
  File "/Volumes/ARIMA/bot-event/venv/lib/python3.9/site-packages/telegram/ext/_updater.py", line 373, in polling_action_cb
    updates = await self.bot.get_updates(
  File "/Volumes/ARIMA/bot-event/venv/lib/python3.9/site-packages/telegram/ext/_extbot.py", line 558, in get_updates
    updates = await super().get_updates(
  File "/Volumes/ARIMA/bot-event/venv/lib/python3.9/site-packages/telegram/_bot.py", line 525, in decorator
    result = await func(self, *args, **kwargs)  # skipcq: PYL-E1102
  File "/Volumes/ARIMA/bot-event/venv/lib/python3.9/site-packages/telegram/_bot.py", line 3584, in get_updates
    await self._post(
  File "/Volumes/ARIMA/bot-event/venv/lib/python3.9/site-packages/telegram/_bot.py", line 613, in _post
    return await self._do_post(
  File "/Volumes/ARIMA/bot-event/venv/lib/python3.9/site-packages/telegram/ext/_extbot.py", line 340, in _do_post
    return await super()._do_post(
  File "/Volumes/ARIMA/bot-event/venv/lib/python3.9/site-packages/telegram/_bot.py", line 641, in _do_post
    return await request.post(
  File "/Volumes/ARIMA/bot-event/venv/lib/python3.9/site-packages/telegram/request/_baserequest.py", line 200, in post
    result = await self._request_wrapper(
  File "/Volumes/ARIMA/bot-event/venv/lib/python3.9/site-packages/telegram/request/_baserequest.py", line 381, in _request_wrapper
    raise Conflict(message)
telegram.error.Conflict: Conflict: terminated by other getUpdates request; make sure that only one bot instance is running
2025-07-23 14:11:41,243 - INFO - HTTP Request: POST https://api.telegram.org/bot8132507132:AAHGCXA_fMWIvjOxkeX9ri_nFifM8HXLVdI/getUpdates "HTTP/1.1 409 Conflict"
2025-07-23 14:11:41,258 - ERROR - Error while getting Updates: Conflict: terminated by other getUpdates request; make sure that only one bot instance is running
2025-07-23 14:11:41,258 - ERROR - No error handlers are registered, logging exception.
Traceback (most recent call last):
  File "/Volumes/ARIMA/bot-event/venv/lib/python3.9/site-packages/telegram/ext/_updater.py", line 688, in _network_loop_retry
    if not await action_cb():
  File "/Volumes/ARIMA/bot-event/venv/lib/python3.9/site-packages/telegram/ext/_updater.py", line 384, in polling_action_cb
    raise exc
  File "/Volumes/ARIMA/bot-event/venv/lib/python3.9/site-packages/telegram/ext/_updater.py", line 373, in polling_action_cb
    updates = await self.bot.get_updates(
  File "/Volumes/ARIMA/bot-event/venv/lib/python3.9/site-packages/telegram/ext/_extbot.py", line 558, in get_updates
    updates = await super().get_updates(
  File "/Volumes/ARIMA/bot-event/venv/lib/python3.9/site-packages/telegram/_bot.py", line 525, in decorator
    result = await func(self, *args, **kwargs)  # skipcq: PYL-E1102
  File "/Volumes/ARIMA/bot-event/venv/lib/python3.9/site-packages/telegram/_bot.py", line 3584, in get_updates
    await self._post(
  File "/Volumes/ARIMA/bot-event/venv/lib/python3.9/site-packages/telegram/_bot.py", line 613, in _post
    return await self._do_post(
  File "/Volumes/ARIMA/bot-event/venv/lib/python3.9/site-packages/telegram/ext/_extbot.py", line 340, in _do_post
    return await super()._do_post(
  File "/Volumes/ARIMA/bot-event/venv/lib/python3.9/site-packages/telegram/_bot.py", line 641, in _do_post
    return await request.post(
  File "/Volumes/ARIMA/bot-event/venv/lib/python3.9/site-packages/telegram/request/_baserequest.py", line 200, in post
    result = await self._request_wrapper(
  File "/Volumes/ARIMA/bot-event/venv/lib/python3.9/site-packages/telegram/request/_baserequest.py", line 381, in _request_wrapper
    raise Conflict(message)
telegram.error.Conflict: Conflict: terminated by other getUpdates request; make sure that only one bot instance is running
2025-07-23 14:11:44,668 - INFO - HTTP Request: POST https://api.telegram.org/bot8132507132:AAHGCXA_fMWIvjOxkeX9ri_nFifM8HXLVdI/getUpdates "HTTP/1.1 200 OK"
2025-07-23 14:11:45,256 - INFO - HTTP Request: POST https://api.telegram.org/bot8132507132:AAHGCXA_fMWIvjOxkeX9ri_nFifM8HXLVdI/sendMessage "HTTP/1.1 200 OK"
2025-07-23 14:11:48,409 - INFO - HTTP Request: POST https://api.telegram.org/bot8132507132:AAHGCXA_fMWIvjOxkeX9ri_nFifM8HXLVdI/getUpdates "HTTP/1.1 409 Conflict"
2025-07-23 14:11:48,410 - ERROR - Error while getting Updates: Conflict: terminated by other getUpdates request; make sure that only one bot instance is running
2025-07-23 14:11:48,410 - ERROR - No error handlers are registered, logging exception.
Traceback (most recent call last):
  File "/Volumes/ARIMA/bot-event/venv/lib/python3.9/site-packages/telegram/ext/_updater.py", line 688, in _network_loop_retry
    if not await action_cb():
  File "/Volumes/ARIMA/bot-event/venv/lib/python3.9/site-packages/telegram/ext/_updater.py", line 384, in polling_action_cb
    raise exc
  File "/Volumes/ARIMA/bot-event/venv/lib/python3.9/site-packages/telegram/ext/_updater.py", line 373, in polling_action_cb
    updates = await self.bot.get_updates(
  File "/Volumes/ARIMA/bot-event/venv/lib/python3.9/site-packages/telegram/ext/_extbot.py", line 558, in get_updates
    updates = await super().get_updates(
  File "/Volumes/ARIMA/bot-event/venv/lib/python3.9/site-packages/telegram/_bot.py", line 525, in decorator
    result = await func(self, *args, **kwargs)  # skipcq: PYL-E1102
  File "/Volumes/ARIMA/bot-event/venv/lib/python3.9/site-packages/telegram/_bot.py", line 3584, in get_updates
    await self._post(
  File "/Volumes/ARIMA/bot-event/venv/lib/python3.9/site-packages/telegram/_bot.py", line 613, in _post
    return await self._do_post(
  File "/Volumes/ARIMA/bot-event/venv/lib/python3.9/site-packages/telegram/ext/_extbot.py", line 340, in _do_post
    return await super()._do_post(
  File "/Volumes/ARIMA/bot-event/venv/lib/python3.9/site-packages/telegram/_bot.py", line 641, in _do_post
    return await request.post(
  File "/Volumes/ARIMA/bot-event/venv/lib/python3.9/site-packages/telegram/request/_baserequest.py", line 200, in post
    result = await self._request_wrapper(
  File "/Volumes/ARIMA/bot-event/venv/lib/python3.9/site-packages/telegram/request/_baserequest.py", line 381, in _request_wrapper
    raise Conflict(message)
telegram.error.Conflict: Conflict: terminated by other getUpdates request; make sure that only one bot instance is running
2025-07-23 14:11:53,631 - INFO - HTTP Request: POST https://api.telegram.org/bot8132507132:AAHGCXA_fMWIvjOxkeX9ri_nFifM8HXLVdI/getUpdates "HTTP/1.1 409 Conflict"
2025-07-23 14:11:53,632 - ERROR - Error while getting Updates: Conflict: terminated by other getUpdates request; make sure that only one bot instance is running
2025-07-23 14:11:53,632 - ERROR - No error handlers are registered, logging exception.
Traceback (most recent call last):
  File "/Volumes/ARIMA/bot-event/venv/lib/python3.9/site-packages/telegram/ext/_updater.py", line 688, in _network_loop_retry
    if not await action_cb():
  File "/Volumes/ARIMA/bot-event/venv/lib/python3.9/site-packages/telegram/ext/_updater.py", line 384, in polling_action_cb
    raise exc
  File "/Volumes/ARIMA/bot-event/venv/lib/python3.9/site-packages/telegram/ext/_updater.py", line 373, in polling_action_cb
    updates = await self.bot.get_updates(
  File "/Volumes/ARIMA/bot-event/venv/lib/python3.9/site-packages/telegram/ext/_extbot.py", line 558, in get_updates
    updates = await super().get_updates(
  File "/Volumes/ARIMA/bot-event/venv/lib/python3.9/site-packages/telegram/_bot.py", line 525, in decorator
    result = await func(self, *args, **kwargs)  # skipcq: PYL-E1102
  File "/Volumes/ARIMA/bot-event/venv/lib/python3.9/site-packages/telegram/_bot.py", line 3584, in get_updates
    await self._post(
  File "/Volumes/ARIMA/bot-event/venv/lib/python3.9/site-packages/telegram/_bot.py", line 613, in _post
    return await self._do_post(
  File "/Volumes/ARIMA/bot-event/venv/lib/python3.9/site-packages/telegram/ext/_extbot.py", line 340, in _do_post
    return await super()._do_post(
  File "/Volumes/ARIMA/bot-event/venv/lib/python3.9/site-packages/telegram/_bot.py", line 641, in _do_post
    return await request.post(
  File "/Volumes/ARIMA/bot-event/venv/lib/python3.9/site-packages/telegram/request/_baserequest.py", line 200, in post
    result = await self._request_wrapper(
  File "/Volumes/ARIMA/bot-event/venv/lib/python3.9/site-packages/telegram/request/_baserequest.py", line 381, in _request_wrapper
    raise Conflict(message)
telegram.error.Conflict: Conflict: terminated by other getUpdates request; make sure that only one bot instance is running
2025-07-23 14:11:59,858 - INFO - HTTP Request: POST https://api.telegram.org/bot8132507132:AAHGCXA_fMWIvjOxkeX9ri_nFifM8HXLVdI/getUpdates "HTTP/1.1 409 Conflict"
2025-07-23 14:11:59,859 - ERROR - Error while getting Updates: Conflict: terminated by other getUpdates request; make sure that only one bot instance is running
2025-07-23 14:11:59,859 - ERROR - No error handlers are registered, logging exception.
Traceback (most recent call last):
  File "/Volumes/ARIMA/bot-event/venv/lib/python3.9/site-packages/telegram/ext/_updater.py", line 688, in _network_loop_retry
    if not await action_cb():
  File "/Volumes/ARIMA/bot-event/venv/lib/python3.9/site-packages/telegram/ext/_updater.py", line 384, in polling_action_cb
    raise exc
  File "/Volumes/ARIMA/bot-event/venv/lib/python3.9/site-packages/telegram/ext/_updater.py", line 373, in polling_action_cb
    updates = await self.bot.get_updates(
  File "/Volumes/ARIMA/bot-event/venv/lib/python3.9/site-packages/telegram/ext/_extbot.py", line 558, in get_updates
    updates = await super().get_updates(
  File "/Volumes/ARIMA/bot-event/venv/lib/python3.9/site-packages/telegram/_bot.py", line 525, in decorator
    result = await func(self, *args, **kwargs)  # skipcq: PYL-E1102
  File "/Volumes/ARIMA/bot-event/venv/lib/python3.9/site-packages/telegram/_bot.py", line 3584, in get_updates
    await self._post(
  File "/Volumes/ARIMA/bot-event/venv/lib/python3.9/site-packages/telegram/_bot.py", line 613, in _post
    return await self._do_post(
  File "/Volumes/ARIMA/bot-event/venv/lib/python3.9/site-packages/telegram/ext/_extbot.py", line 340, in _do_post
    return await super()._do_post(
  File "/Volumes/ARIMA/bot-event/venv/lib/python3.9/site-packages/telegram/_bot.py", line 641, in _do_post
    return await request.post(
  File "/Volumes/ARIMA/bot-event/venv/lib/python3.9/site-packages/telegram/request/_baserequest.py", line 200, in post
    result = await self._request_wrapper(
  File "/Volumes/ARIMA/bot-event/venv/lib/python3.9/site-packages/telegram/request/_baserequest.py", line 381, in _request_wrapper
    raise Conflict(message)
telegram.error.Conflict: Conflict: terminated by other getUpdates request; make sure that only one bot instance is running
2025-07-23 14:12:05,501 - INFO - HTTP Request: POST https://api.telegram.org/bot8132507132:AAHGCXA_fMWIvjOxkeX9ri_nFifM8HXLVdI/getUpdates "HTTP/1.1 200 OK"
2025-07-23 14:12:05,505 - INFO - handle_event_selection: callback_data=back_to_events user_id=398783184 context.user_data={}
2025-07-23 14:12:05,934 - INFO - HTTP Request: POST https://api.telegram.org/bot8132507132:AAHGCXA_fMWIvjOxkeX9ri_nFifM8HXLVdI/answerCallbackQuery "HTTP/1.1 200 OK"
2025-07-23 14:12:06,055 - INFO - HTTP Request: POST https://api.telegram.org/bot8132507132:AAHGCXA_fMWIvjOxkeX9ri_nFifM8HXLVdI/deleteMessage "HTTP/1.1 200 OK"
2025-07-23 14:12:06,167 - INFO - HTTP Request: POST https://api.telegram.org/bot8132507132:AAHGCXA_fMWIvjOxkeX9ri_nFifM8HXLVdI/sendMessage "HTTP/1.1 400 Bad Request"
2025-07-23 14:12:06,167 - ERROR - No error handlers are registered, logging exception.
Traceback (most recent call last):
  File "/Volumes/ARIMA/bot-event/venv/lib/python3.9/site-packages/telegram/ext/_application.py", line 1234, in process_update
    await coroutine
  File "/Volumes/ARIMA/bot-event/venv/lib/python3.9/site-packages/telegram/ext/_basehandler.py", line 157, in handle_update
    return await self.callback(update, context)
  File "/Volumes/ARIMA/bot-event/event_voting_bot/bot.py", line 514, in handle_event_selection
    await query.message.reply_text("📭 Пока нет активных мероприятий. Создайте первое с помощью /create!")
  File "/Volumes/ARIMA/bot-event/venv/lib/python3.9/site-packages/telegram/_message.py", line 1094, in reply_text
    return await self.get_bot().send_message(
  File "/Volumes/ARIMA/bot-event/venv/lib/python3.9/site-packages/telegram/ext/_extbot.py", line 2624, in send_message
    return await super().send_message(
  File "/Volumes/ARIMA/bot-event/venv/lib/python3.9/site-packages/telegram/_bot.py", line 525, in decorator
    result = await func(self, *args, **kwargs)  # skipcq: PYL-E1102
  File "/Volumes/ARIMA/bot-event/venv/lib/python3.9/site-packages/telegram/_bot.py", line 846, in send_message
    return await self._send_message(
  File "/Volumes/ARIMA/bot-event/venv/lib/python3.9/site-packages/telegram/ext/_extbot.py", line 522, in _send_message
    result = await super()._send_message(
  File "/Volumes/ARIMA/bot-event/venv/lib/python3.9/site-packages/telegram/_bot.py", line 703, in _send_message
    result = await self._post(
  File "/Volumes/ARIMA/bot-event/venv/lib/python3.9/site-packages/telegram/_bot.py", line 613, in _post
    return await self._do_post(
  File "/Volumes/ARIMA/bot-event/venv/lib/python3.9/site-packages/telegram/ext/_extbot.py", line 340, in _do_post
    return await super()._do_post(
  File "/Volumes/ARIMA/bot-event/venv/lib/python3.9/site-packages/telegram/_bot.py", line 641, in _do_post
    return await request.post(
  File "/Volumes/ARIMA/bot-event/venv/lib/python3.9/site-packages/telegram/request/_baserequest.py", line 200, in post
    result = await self._request_wrapper(
  File "/Volumes/ARIMA/bot-event/venv/lib/python3.9/site-packages/telegram/request/_baserequest.py", line 379, in _request_wrapper
    raise BadRequest(message)
telegram.error.BadRequest: Message to be replied not found
2025-07-23 14:12:06,331 - INFO - HTTP Request: POST https://api.telegram.org/bot8132507132:AAHGCXA_fMWIvjOxkeX9ri_nFifM8HXLVdI/getUpdates "HTTP/1.1 409 Conflict"
2025-07-23 14:12:06,332 - ERROR - Error while getting Updates: Conflict: terminated by other getUpdates request; make sure that only one bot instance is running
2025-07-23 14:12:06,333 - ERROR - No error handlers are registered, logging exception.
Traceback (most recent call last):
  File "/Volumes/ARIMA/bot-event/venv/lib/python3.9/site-packages/telegram/ext/_updater.py", line 688, in _network_loop_retry
    if not await action_cb():
  File "/Volumes/ARIMA/bot-event/venv/lib/python3.9/site-packages/telegram/ext/_updater.py", line 384, in polling_action_cb
    raise exc
  File "/Volumes/ARIMA/bot-event/venv/lib/python3.9/site-packages/telegram/ext/_updater.py", line 373, in polling_action_cb
    updates = await self.bot.get_updates(
  File "/Volumes/ARIMA/bot-event/venv/lib/python3.9/site-packages/telegram/ext/_extbot.py", line 558, in get_updates
    updates = await super().get_updates(
  File "/Volumes/ARIMA/bot-event/venv/lib/python3.9/site-packages/telegram/_bot.py", line 525, in decorator
    result = await func(self, *args, **kwargs)  # skipcq: PYL-E1102
  File "/Volumes/ARIMA/bot-event/venv/lib/python3.9/site-packages/telegram/_bot.py", line 3584, in get_updates
    await self._post(
  File "/Volumes/ARIMA/bot-event/venv/lib/python3.9/site-packages/telegram/_bot.py", line 613, in _post
    return await self._do_post(
  File "/Volumes/ARIMA/bot-event/venv/lib/python3.9/site-packages/telegram/ext/_extbot.py", line 340, in _do_post
    return await super()._do_post(
  File "/Volumes/ARIMA/bot-event/venv/lib/python3.9/site-packages/telegram/_bot.py", line 641, in _do_post
    return await request.post(
  File "/Volumes/ARIMA/bot-event/venv/lib/python3.9/site-packages/telegram/request/_baserequest.py", line 200, in post
    result = await self._request_wrapper(
  File "/Volumes/ARIMA/bot-event/venv/lib/python3.9/site-packages/telegram/request/_baserequest.py", line 381, in _request_wrapper
    raise Conflict(message)
telegram.error.Conflict: Conflict: terminated by other getUpdates request; make sure that only one bot instance is running
2025-07-23 14:12:07,880 - INFO - HTTP Request: POST https://api.telegram.org/bot8132507132:AAHGCXA_fMWIvjOxkeX9ri_nFifM8HXLVdI/getUpdates "HTTP/1.1 200 OK"
2025-07-23 14:12:07,884 - INFO - handle_event_selection: callback_data=back_to_events user_id=398783184 context.user_data={}
2025-07-23 14:12:08,145 - INFO - HTTP Request: POST https://api.telegram.org/bot8132507132:AAHGCXA_fMWIvjOxkeX9ri_nFifM8HXLVdI/answerCallbackQuery "HTTP/1.1 200 OK"
2025-07-23 14:12:08,471 - INFO - HTTP Request: POST https://api.telegram.org/bot8132507132:AAHGCXA_fMWIvjOxkeX9ri_nFifM8HXLVdI/deleteMessage "HTTP/1.1 200 OK"
2025-07-23 14:12:08,584 - INFO - HTTP Request: POST https://api.telegram.org/bot8132507132:AAHGCXA_fMWIvjOxkeX9ri_nFifM8HXLVdI/sendMessage "HTTP/1.1 400 Bad Request"
2025-07-23 14:12:08,586 - ERROR - No error handlers are registered, logging exception.
Traceback (most recent call last):
  File "/Volumes/ARIMA/bot-event/venv/lib/python3.9/site-packages/telegram/ext/_application.py", line 1234, in process_update
    await coroutine
  File "/Volumes/ARIMA/bot-event/venv/lib/python3.9/site-packages/telegram/ext/_basehandler.py", line 157, in handle_update
    return await self.callback(update, context)
  File "/Volumes/ARIMA/bot-event/event_voting_bot/bot.py", line 514, in handle_event_selection
    await query.message.reply_text("📭 Пока нет активных мероприятий. Создайте первое с помощью /create!")
  File "/Volumes/ARIMA/bot-event/venv/lib/python3.9/site-packages/telegram/_message.py", line 1094, in reply_text
    return await self.get_bot().send_message(
  File "/Volumes/ARIMA/bot-event/venv/lib/python3.9/site-packages/telegram/ext/_extbot.py", line 2624, in send_message
    return await super().send_message(
  File "/Volumes/ARIMA/bot-event/venv/lib/python3.9/site-packages/telegram/_bot.py", line 525, in decorator
    result = await func(self, *args, **kwargs)  # skipcq: PYL-E1102
  File "/Volumes/ARIMA/bot-event/venv/lib/python3.9/site-packages/telegram/_bot.py", line 846, in send_message
    return await self._send_message(
  File "/Volumes/ARIMA/bot-event/venv/lib/python3.9/site-packages/telegram/ext/_extbot.py", line 522, in _send_message
    result = await super()._send_message(
  File "/Volumes/ARIMA/bot-event/venv/lib/python3.9/site-packages/telegram/_bot.py", line 703, in _send_message
    result = await self._post(
  File "/Volumes/ARIMA/bot-event/venv/lib/python3.9/site-packages/telegram/_bot.py", line 613, in _post
    return await self._do_post(
  File "/Volumes/ARIMA/bot-event/venv/lib/python3.9/site-packages/telegram/ext/_extbot.py", line 340, in _do_post
    return await super()._do_post(
  File "/Volumes/ARIMA/bot-event/venv/lib/python3.9/site-packages/telegram/_bot.py", line 641, in _do_post
    return await request.post(
  File "/Volumes/ARIMA/bot-event/venv/lib/python3.9/site-packages/telegram/request/_baserequest.py", line 200, in post
    result = await self._request_wrapper(
  File "/Volumes/ARIMA/bot-event/venv/lib/python3.9/site-packages/telegram/request/_baserequest.py", line 379, in _request_wrapper
    raise BadRequest(message)
telegram.error.BadRequest: Message to be replied not found
2025-07-23 14:12:10,374 - INFO - HTTP Request: POST https://api.telegram.org/bot8132507132:AAHGCXA_fMWIvjOxkeX9ri_nFifM8HXLVdI/getUpdates "HTTP/1.1 200 OK"
2025-07-23 14:12:10,381 - INFO - handle_event_selection: callback_data=back_to_events user_id=398783184 context.user_data={}
2025-07-23 14:12:10,516 - INFO - HTTP Request: POST https://api.telegram.org/bot8132507132:AAHGCXA_fMWIvjOxkeX9ri_nFifM8HXLVdI/answerCallbackQuery "HTTP/1.1 200 OK"
2025-07-23 14:12:10,654 - INFO - HTTP Request: POST https://api.telegram.org/bot8132507132:AAHGCXA_fMWIvjOxkeX9ri_nFifM8HXLVdI/deleteMessage "HTTP/1.1 200 OK"
2025-07-23 14:12:10,768 - INFO - HTTP Request: POST https://api.telegram.org/bot8132507132:AAHGCXA_fMWIvjOxkeX9ri_nFifM8HXLVdI/sendMessage "HTTP/1.1 400 Bad Request"
2025-07-23 14:12:10,770 - ERROR - No error handlers are registered, logging exception.
Traceback (most recent call last):
  File "/Volumes/ARIMA/bot-event/venv/lib/python3.9/site-packages/telegram/ext/_application.py", line 1234, in process_update
    await coroutine
  File "/Volumes/ARIMA/bot-event/venv/lib/python3.9/site-packages/telegram/ext/_basehandler.py", line 157, in handle_update
    return await self.callback(update, context)
  File "/Volumes/ARIMA/bot-event/event_voting_bot/bot.py", line 514, in handle_event_selection
    await query.message.reply_text("📭 Пока нет активных мероприятий. Создайте первое с помощью /create!")
  File "/Volumes/ARIMA/bot-event/venv/lib/python3.9/site-packages/telegram/_message.py", line 1094, in reply_text
    return await self.get_bot().send_message(
  File "/Volumes/ARIMA/bot-event/venv/lib/python3.9/site-packages/telegram/ext/_extbot.py", line 2624, in send_message
    return await super().send_message(
  File "/Volumes/ARIMA/bot-event/venv/lib/python3.9/site-packages/telegram/_bot.py", line 525, in decorator
    result = await func(self, *args, **kwargs)  # skipcq: PYL-E1102
  File "/Volumes/ARIMA/bot-event/venv/lib/python3.9/site-packages/telegram/_bot.py", line 846, in send_message
    return await self._send_message(
  File "/Volumes/ARIMA/bot-event/venv/lib/python3.9/site-packages/telegram/ext/_extbot.py", line 522, in _send_message
    result = await super()._send_message(
  File "/Volumes/ARIMA/bot-event/venv/lib/python3.9/site-packages/telegram/_bot.py", line 703, in _send_message
    result = await self._post(
  File "/Volumes/ARIMA/bot-event/venv/lib/python3.9/site-packages/telegram/_bot.py", line 613, in _post
    return await self._do_post(
  File "/Volumes/ARIMA/bot-event/venv/lib/python3.9/site-packages/telegram/ext/_extbot.py", line 340, in _do_post
    return await super()._do_post(
  File "/Volumes/ARIMA/bot-event/venv/lib/python3.9/site-packages/telegram/_bot.py", line 641, in _do_post
    return await request.post(
  File "/Volumes/ARIMA/bot-event/venv/lib/python3.9/site-packages/telegram/request/_baserequest.py", line 200, in post
    result = await self._request_wrapper(
  File "/Volumes/ARIMA/bot-event/venv/lib/python3.9/site-packages/telegram/request/_baserequest.py", line 379, in _request_wrapper
    raise BadRequest(message)
telegram.error.BadRequest: Message to be replied not found
2025-07-23 14:12:12,090 - INFO - HTTP Request: POST https://api.telegram.org/bot8132507132:AAHGCXA_fMWIvjOxkeX9ri_nFifM8HXLVdI/getUpdates "HTTP/1.1 409 Conflict"
2025-07-23 14:12:12,091 - ERROR - Error while getting Updates: Conflict: terminated by other getUpdates request; make sure that only one bot instance is running
2025-07-23 14:12:12,092 - ERROR - No error handlers are registered, logging exception.
Traceback (most recent call last):
  File "/Volumes/ARIMA/bot-event/venv/lib/python3.9/site-packages/telegram/ext/_updater.py", line 688, in _network_loop_retry
    if not await action_cb():
  File "/Volumes/ARIMA/bot-event/venv/lib/python3.9/site-packages/telegram/ext/_updater.py", line 384, in polling_action_cb
    raise exc
  File "/Volumes/ARIMA/bot-event/venv/lib/python3.9/site-packages/telegram/ext/_updater.py", line 373, in polling_action_cb
    updates = await self.bot.get_updates(
  File "/Volumes/ARIMA/bot-event/venv/lib/python3.9/site-packages/telegram/ext/_extbot.py", line 558, in get_updates
    updates = await super().get_updates(
  File "/Volumes/ARIMA/bot-event/venv/lib/python3.9/site-packages/telegram/_bot.py", line 525, in decorator
    result = await func(self, *args, **kwargs)  # skipcq: PYL-E1102
  File "/Volumes/ARIMA/bot-event/venv/lib/python3.9/site-packages/telegram/_bot.py", line 3584, in get_updates
    await self._post(
  File "/Volumes/ARIMA/bot-event/venv/lib/python3.9/site-packages/telegram/_bot.py", line 613, in _post
    return await self._do_post(
  File "/Volumes/ARIMA/bot-event/venv/lib/python3.9/site-packages/telegram/ext/_extbot.py", line 340, in _do_post
    return await super()._do_post(
  File "/Volumes/ARIMA/bot-event/venv/lib/python3.9/site-packages/telegram/_bot.py", line 641, in _do_post
    return await request.post(
  File "/Volumes/ARIMA/bot-event/venv/lib/python3.9/site-packages/telegram/request/_baserequest.py", line 200, in post
    result = await self._request_wrapper(
  File "/Volumes/ARIMA/bot-event/venv/lib/python3.9/site-packages/telegram/request/_baserequest.py", line 381, in _request_wrapper
    raise Conflict(message)
telegram.error.Conflict: Conflict: terminated by other getUpdates request; make sure that only one bot instance is running
2025-07-23 14:12:15,084 - INFO - HTTP Request: POST https://api.telegram.org/bot8132507132:AAHGCXA_fMWIvjOxkeX9ri_nFifM8HXLVdI/getUpdates "HTTP/1.1 200 OK"
2025-07-23 14:12:15,088 - INFO - handle_event_selection: callback_data=back_to_events user_id=398783184 context.user_data={}
2025-07-23 14:12:15,228 - INFO - HTTP Request: POST https://api.telegram.org/bot8132507132:AAHGCXA_fMWIvjOxkeX9ri_nFifM8HXLVdI/answerCallbackQuery "HTTP/1.1 200 OK"
2025-07-23 14:12:15,349 - INFO - HTTP Request: POST https://api.telegram.org/bot8132507132:AAHGCXA_fMWIvjOxkeX9ri_nFifM8HXLVdI/deleteMessage "HTTP/1.1 200 OK"
2025-07-23 14:12:15,456 - INFO - HTTP Request: POST https://api.telegram.org/bot8132507132:AAHGCXA_fMWIvjOxkeX9ri_nFifM8HXLVdI/sendMessage "HTTP/1.1 400 Bad Request"
2025-07-23 14:12:15,457 - ERROR - No error handlers are registered, logging exception.
Traceback (most recent call last):
  File "/Volumes/ARIMA/bot-event/venv/lib/python3.9/site-packages/telegram/ext/_application.py", line 1234, in process_update
    await coroutine
  File "/Volumes/ARIMA/bot-event/venv/lib/python3.9/site-packages/telegram/ext/_basehandler.py", line 157, in handle_update
    return await self.callback(update, context)
  File "/Volumes/ARIMA/bot-event/event_voting_bot/bot.py", line 514, in handle_event_selection
    await query.message.reply_text("📭 Пока нет активных мероприятий. Создайте первое с помощью /create!")
  File "/Volumes/ARIMA/bot-event/venv/lib/python3.9/site-packages/telegram/_message.py", line 1094, in reply_text
    return await self.get_bot().send_message(
  File "/Volumes/ARIMA/bot-event/venv/lib/python3.9/site-packages/telegram/ext/_extbot.py", line 2624, in send_message
    return await super().send_message(
  File "/Volumes/ARIMA/bot-event/venv/lib/python3.9/site-packages/telegram/_bot.py", line 525, in decorator
    result = await func(self, *args, **kwargs)  # skipcq: PYL-E1102
  File "/Volumes/ARIMA/bot-event/venv/lib/python3.9/site-packages/telegram/_bot.py", line 846, in send_message
    return await self._send_message(
  File "/Volumes/ARIMA/bot-event/venv/lib/python3.9/site-packages/telegram/ext/_extbot.py", line 522, in _send_message
    result = await super()._send_message(
  File "/Volumes/ARIMA/bot-event/venv/lib/python3.9/site-packages/telegram/_bot.py", line 703, in _send_message
    result = await self._post(
  File "/Volumes/ARIMA/bot-event/venv/lib/python3.9/site-packages/telegram/_bot.py", line 613, in _post
    return await self._do_post(
  File "/Volumes/ARIMA/bot-event/venv/lib/python3.9/site-packages/telegram/ext/_extbot.py", line 340, in _do_post
    return await super()._do_post(
  File "/Volumes/ARIMA/bot-event/venv/lib/python3.9/site-packages/telegram/_bot.py", line 641, in _do_post
    return await request.post(
  File "/Volumes/ARIMA/bot-event/venv/lib/python3.9/site-packages/telegram/request/_baserequest.py", line 200, in post
    result = await self._request_wrapper(
  File "/Volumes/ARIMA/bot-event/venv/lib/python3.9/site-packages/telegram/request/_baserequest.py", line 379, in _request_wrapper
    raise BadRequest(message)
telegram.error.BadRequest: Message to be replied not found
2025-07-23 14:12:17,311 - INFO - HTTP Request: POST https://api.telegram.org/bot8132507132:AAHGCXA_fMWIvjOxkeX9ri_nFifM8HXLVdI/getUpdates "HTTP/1.1 409 Conflict"
2025-07-23 14:12:17,312 - ERROR - Error while getting Updates: Conflict: terminated by other getUpdates request; make sure that only one bot instance is running
2025-07-23 14:12:17,313 - ERROR - No error handlers are registered, logging exception.
Traceback (most recent call last):
  File "/Volumes/ARIMA/bot-event/venv/lib/python3.9/site-packages/telegram/ext/_updater.py", line 688, in _network_loop_retry
    if not await action_cb():
  File "/Volumes/ARIMA/bot-event/venv/lib/python3.9/site-packages/telegram/ext/_updater.py", line 384, in polling_action_cb
    raise exc
  File "/Volumes/ARIMA/bot-event/venv/lib/python3.9/site-packages/telegram/ext/_updater.py", line 373, in polling_action_cb
    updates = await self.bot.get_updates(
  File "/Volumes/ARIMA/bot-event/venv/lib/python3.9/site-packages/telegram/ext/_extbot.py", line 558, in get_updates
    updates = await super().get_updates(
  File "/Volumes/ARIMA/bot-event/venv/lib/python3.9/site-packages/telegram/_bot.py", line 525, in decorator
    result = await func(self, *args, **kwargs)  # skipcq: PYL-E1102
  File "/Volumes/ARIMA/bot-event/venv/lib/python3.9/site-packages/telegram/_bot.py", line 3584, in get_updates
    await self._post(
  File "/Volumes/ARIMA/bot-event/venv/lib/python3.9/site-packages/telegram/_bot.py", line 613, in _post
    return await self._do_post(
  File "/Volumes/ARIMA/bot-event/venv/lib/python3.9/site-packages/telegram/ext/_extbot.py", line 340, in _do_post
    return await super()._do_post(
  File "/Volumes/ARIMA/bot-event/venv/lib/python3.9/site-packages/telegram/_bot.py", line 641, in _do_post
    return await request.post(
  File "/Volumes/ARIMA/bot-event/venv/lib/python3.9/site-packages/telegram/request/_baserequest.py", line 200, in post
    result = await self._request_wrapper(
  File "/Volumes/ARIMA/bot-event/venv/lib/python3.9/site-packages/telegram/request/_baserequest.py", line 381, in _request_wrapper
    raise Conflict(message)
telegram.error.Conflict: Conflict: terminated by other getUpdates request; make sure that only one bot instance is running
2025-07-23 14:12:23,077 - INFO - HTTP Request: POST https://api.telegram.org/bot8132507132:AAHGCXA_fMWIvjOxkeX9ri_nFifM8HXLVdI/getUpdates "HTTP/1.1 409 Conflict"
2025-07-23 14:12:23,082 - ERROR - Error while getting Updates: Conflict: terminated by other getUpdates request; make sure that only one bot instance is running
2025-07-23 14:12:23,082 - ERROR - No error handlers are registered, logging exception.
Traceback (most recent call last):
  File "/Volumes/ARIMA/bot-event/venv/lib/python3.9/site-packages/telegram/ext/_updater.py", line 688, in _network_loop_retry
    if not await action_cb():
  File "/Volumes/ARIMA/bot-event/venv/lib/python3.9/site-packages/telegram/ext/_updater.py", line 384, in polling_action_cb
    raise exc
  File "/Volumes/ARIMA/bot-event/venv/lib/python3.9/site-packages/telegram/ext/_updater.py", line 373, in polling_action_cb
    updates = await self.bot.get_updates(
  File "/Volumes/ARIMA/bot-event/venv/lib/python3.9/site-packages/telegram/ext/_extbot.py", line 558, in get_updates
    updates = await super().get_updates(
  File "/Volumes/ARIMA/bot-event/venv/lib/python3.9/site-packages/telegram/_bot.py", line 525, in decorator
    result = await func(self, *args, **kwargs)  # skipcq: PYL-E1102
  File "/Volumes/ARIMA/bot-event/venv/lib/python3.9/site-packages/telegram/_bot.py", line 3584, in get_updates
    await self._post(
  File "/Volumes/ARIMA/bot-event/venv/lib/python3.9/site-packages/telegram/_bot.py", line 613, in _post
    return await self._do_post(
  File "/Volumes/ARIMA/bot-event/venv/lib/python3.9/site-packages/telegram/ext/_extbot.py", line 340, in _do_post
    return await super()._do_post(
  File "/Volumes/ARIMA/bot-event/venv/lib/python3.9/site-packages/telegram/_bot.py", line 641, in _do_post
    return await request.post(
  File "/Volumes/ARIMA/bot-event/venv/lib/python3.9/site-packages/telegram/request/_baserequest.py", line 200, in post
    result = await self._request_wrapper(
  File "/Volumes/ARIMA/bot-event/venv/lib/python3.9/site-packages/telegram/request/_baserequest.py", line 381, in _request_wrapper
    raise Conflict(message)
telegram.error.Conflict: Conflict: terminated by other getUpdates request; make sure that only one bot instance is running
2025-07-23 14:12:25,465 - INFO - HTTP Request: POST https://api.telegram.org/bot8132507132:AAHGCXA_fMWIvjOxkeX9ri_nFifM8HXLVdI/getUpdates "HTTP/1.1 200 OK"
2025-07-23 14:12:26,011 - INFO - HTTP Request: POST https://api.telegram.org/bot8132507132:AAHGCXA_fMWIvjOxkeX9ri_nFifM8HXLVdI/sendMessage "HTTP/1.1 200 OK"
2025-07-23 14:12:28,509 - INFO - HTTP Request: POST https://api.telegram.org/bot8132507132:AAHGCXA_fMWIvjOxkeX9ri_nFifM8HXLVdI/getUpdates "HTTP/1.1 409 Conflict"
2025-07-23 14:12:28,510 - ERROR - Error while getting Updates: Conflict: terminated by other getUpdates request; make sure that only one bot instance is running
2025-07-23 14:12:28,511 - ERROR - No error handlers are registered, logging exception.
Traceback (most recent call last):
  File "/Volumes/ARIMA/bot-event/venv/lib/python3.9/site-packages/telegram/ext/_updater.py", line 688, in _network_loop_retry
    if not await action_cb():
  File "/Volumes/ARIMA/bot-event/venv/lib/python3.9/site-packages/telegram/ext/_updater.py", line 384, in polling_action_cb
    raise exc
  File "/Volumes/ARIMA/bot-event/venv/lib/python3.9/site-packages/telegram/ext/_updater.py", line 373, in polling_action_cb
    updates = await self.bot.get_updates(
  File "/Volumes/ARIMA/bot-event/venv/lib/python3.9/site-packages/telegram/ext/_extbot.py", line 558, in get_updates
    updates = await super().get_updates(
  File "/Volumes/ARIMA/bot-event/venv/lib/python3.9/site-packages/telegram/_bot.py", line 525, in decorator
    result = await func(self, *args, **kwargs)  # skipcq: PYL-E1102
  File "/Volumes/ARIMA/bot-event/venv/lib/python3.9/site-packages/telegram/_bot.py", line 3584, in get_updates
    await self._post(
  File "/Volumes/ARIMA/bot-event/venv/lib/python3.9/site-packages/telegram/_bot.py", line 613, in _post
    return await self._do_post(
  File "/Volumes/ARIMA/bot-event/venv/lib/python3.9/site-packages/telegram/ext/_extbot.py", line 340, in _do_post
    return await super()._do_post(
  File "/Volumes/ARIMA/bot-event/venv/lib/python3.9/site-packages/telegram/_bot.py", line 641, in _do_post
    return await request.post(
  File "/Volumes/ARIMA/bot-event/venv/lib/python3.9/site-packages/telegram/request/_baserequest.py", line 200, in post
    result = await self._request_wrapper(
  File "/Volumes/ARIMA/bot-event/venv/lib/python3.9/site-packages/telegram/request/_baserequest.py", line 381, in _request_wrapper
    raise Conflict(message)
telegram.error.Conflict: Conflict: terminated by other getUpdates request; make sure that only one bot instance is running
2025-07-23 14:12:33,066 - INFO - HTTP Request: POST https://api.telegram.org/bot8132507132:AAHGCXA_fMWIvjOxkeX9ri_nFifM8HXLVdI/getUpdates "HTTP/1.1 409 Conflict"
2025-07-23 14:12:33,070 - ERROR - Error while getting Updates: Conflict: terminated by other getUpdates request; make sure that only one bot instance is running
2025-07-23 14:12:33,071 - ERROR - No error handlers are registered, logging exception.
Traceback (most recent call last):
  File "/Volumes/ARIMA/bot-event/venv/lib/python3.9/site-packages/telegram/ext/_updater.py", line 688, in _network_loop_retry
    if not await action_cb():
  File "/Volumes/ARIMA/bot-event/venv/lib/python3.9/site-packages/telegram/ext/_updater.py", line 384, in polling_action_cb
    raise exc
  File "/Volumes/ARIMA/bot-event/venv/lib/python3.9/site-packages/telegram/ext/_updater.py", line 373, in polling_action_cb
    updates = await self.bot.get_updates(
  File "/Volumes/ARIMA/bot-event/venv/lib/python3.9/site-packages/telegram/ext/_extbot.py", line 558, in get_updates
    updates = await super().get_updates(
  File "/Volumes/ARIMA/bot-event/venv/lib/python3.9/site-packages/telegram/_bot.py", line 525, in decorator
    result = await func(self, *args, **kwargs)  # skipcq: PYL-E1102
  File "/Volumes/ARIMA/bot-event/venv/lib/python3.9/site-packages/telegram/_bot.py", line 3584, in get_updates
    await self._post(
  File "/Volumes/ARIMA/bot-event/venv/lib/python3.9/site-packages/telegram/_bot.py", line 613, in _post
    return await self._do_post(
  File "/Volumes/ARIMA/bot-event/venv/lib/python3.9/site-packages/telegram/ext/_extbot.py", line 340, in _do_post
    return await super()._do_post(
  File "/Volumes/ARIMA/bot-event/venv/lib/python3.9/site-packages/telegram/_bot.py", line 641, in _do_post
    return await request.post(
  File "/Volumes/ARIMA/bot-event/venv/lib/python3.9/site-packages/telegram/request/_baserequest.py", line 200, in post
    result = await self._request_wrapper(
  File "/Volumes/ARIMA/bot-event/venv/lib/python3.9/site-packages/telegram/request/_baserequest.py", line 381, in _request_wrapper
    raise Conflict(message)
telegram.error.Conflict: Conflict: terminated by other getUpdates request; make sure that only one bot instance is running
2025-07-23 14:12:39,023 - INFO - HTTP Request: POST https://api.telegram.org/bot8132507132:AAHGCXA_fMWIvjOxkeX9ri_nFifM8HXLVdI/getUpdates "HTTP/1.1 409 Conflict"
2025-07-23 14:12:39,024 - ERROR - Error while getting Updates: Conflict: terminated by other getUpdates request; make sure that only one bot instance is running
2025-07-23 14:12:39,024 - ERROR - No error handlers are registered, logging exception.
Traceback (most recent call last):
  File "/Volumes/ARIMA/bot-event/venv/lib/python3.9/site-packages/telegram/ext/_updater.py", line 688, in _network_loop_retry
    if not await action_cb():
  File "/Volumes/ARIMA/bot-event/venv/lib/python3.9/site-packages/telegram/ext/_updater.py", line 384, in polling_action_cb
    raise exc
  File "/Volumes/ARIMA/bot-event/venv/lib/python3.9/site-packages/telegram/ext/_updater.py", line 373, in polling_action_cb
    updates = await self.bot.get_updates(
  File "/Volumes/ARIMA/bot-event/venv/lib/python3.9/site-packages/telegram/ext/_extbot.py", line 558, in get_updates
    updates = await super().get_updates(
  File "/Volumes/ARIMA/bot-event/venv/lib/python3.9/site-packages/telegram/_bot.py", line 525, in decorator
    result = await func(self, *args, **kwargs)  # skipcq: PYL-E1102
  File "/Volumes/ARIMA/bot-event/venv/lib/python3.9/site-packages/telegram/_bot.py", line 3584, in get_updates
    await self._post(
  File "/Volumes/ARIMA/bot-event/venv/lib/python3.9/site-packages/telegram/_bot.py", line 613, in _post
    return await self._do_post(
  File "/Volumes/ARIMA/bot-event/venv/lib/python3.9/site-packages/telegram/ext/_extbot.py", line 340, in _do_post
    return await super()._do_post(
  File "/Volumes/ARIMA/bot-event/venv/lib/python3.9/site-packages/telegram/_bot.py", line 641, in _do_post
    return await request.post(
  File "/Volumes/ARIMA/bot-event/venv/lib/python3.9/site-packages/telegram/request/_baserequest.py", line 200, in post
    result = await self._request_wrapper(
  File "/Volumes/ARIMA/bot-event/venv/lib/python3.9/site-packages/telegram/request/_baserequest.py", line 381, in _request_wrapper
    raise Conflict(message)
telegram.error.Conflict: Conflict: terminated by other getUpdates request; make sure that only one bot instance is running
2025-07-23 14:12:45,806 - INFO - HTTP Request: POST https://api.telegram.org/bot8132507132:AAHGCXA_fMWIvjOxkeX9ri_nFifM8HXLVdI/getUpdates "HTTP/1.1 409 Conflict"
2025-07-23 14:12:45,810 - ERROR - Error while getting Updates: Conflict: terminated by other getUpdates request; make sure that only one bot instance is running
2025-07-23 14:12:45,811 - ERROR - No error handlers are registered, logging exception.
Traceback (most recent call last):
  File "/Volumes/ARIMA/bot-event/venv/lib/python3.9/site-packages/telegram/ext/_updater.py", line 688, in _network_loop_retry
    if not await action_cb():
  File "/Volumes/ARIMA/bot-event/venv/lib/python3.9/site-packages/telegram/ext/_updater.py", line 384, in polling_action_cb
    raise exc
  File "/Volumes/ARIMA/bot-event/venv/lib/python3.9/site-packages/telegram/ext/_updater.py", line 373, in polling_action_cb
    updates = await self.bot.get_updates(
  File "/Volumes/ARIMA/bot-event/venv/lib/python3.9/site-packages/telegram/ext/_extbot.py", line 558, in get_updates
    updates = await super().get_updates(
  File "/Volumes/ARIMA/bot-event/venv/lib/python3.9/site-packages/telegram/_bot.py", line 525, in decorator
    result = await func(self, *args, **kwargs)  # skipcq: PYL-E1102
  File "/Volumes/ARIMA/bot-event/venv/lib/python3.9/site-packages/telegram/_bot.py", line 3584, in get_updates
    await self._post(
  File "/Volumes/ARIMA/bot-event/venv/lib/python3.9/site-packages/telegram/_bot.py", line 613, in _post
    return await self._do_post(
  File "/Volumes/ARIMA/bot-event/venv/lib/python3.9/site-packages/telegram/ext/_extbot.py", line 340, in _do_post
    return await super()._do_post(
  File "/Volumes/ARIMA/bot-event/venv/lib/python3.9/site-packages/telegram/_bot.py", line 641, in _do_post
    return await request.post(
  File "/Volumes/ARIMA/bot-event/venv/lib/python3.9/site-packages/telegram/request/_baserequest.py", line 200, in post
    result = await self._request_wrapper(
  File "/Volumes/ARIMA/bot-event/venv/lib/python3.9/site-packages/telegram/request/_baserequest.py", line 381, in _request_wrapper
    raise Conflict(message)
telegram.error.Conflict: Conflict: terminated by other getUpdates request; make sure that only one bot instance is running
2025-07-23 14:12:50,183 - INFO - HTTP Request: POST https://api.telegram.org/bot8132507132:AAHGCXA_fMWIvjOxkeX9ri_nFifM8HXLVdI/getUpdates "HTTP/1.1 200 OK"
2025-07-23 14:12:50,188 - INFO - handle_event_selection: callback_data=plus_82 user_id=398783184 context.user_data={}
2025-07-23 14:12:50,738 - INFO - HTTP Request: POST https://api.telegram.org/bot8132507132:AAHGCXA_fMWIvjOxkeX9ri_nFifM8HXLVdI/answerCallbackQuery "HTTP/1.1 200 OK"
2025-07-23 14:12:50,740 - INFO - get_event_for_user_or_admin: db.get_event(82, 398783184) -> None
2025-07-23 14:12:50,740 - INFO - get_event_for_user_or_admin: SELECT ... FROM events WHERE id=82 -> (82, 'Встреча друзей', '', 398783184, '2025-08-04', 10, '2025-07-23 11:12:40', -4639146753)
2025-07-23 14:12:50,741 - ERROR - No error handlers are registered, logging exception.
Traceback (most recent call last):
  File "/Volumes/ARIMA/bot-event/venv/lib/python3.9/site-packages/telegram/ext/_application.py", line 1234, in process_update
    await coroutine
  File "/Volumes/ARIMA/bot-event/venv/lib/python3.9/site-packages/telegram/ext/_basehandler.py", line 157, in handle_update
    return await self.callback(update, context)
  File "/Volumes/ARIMA/bot-event/event_voting_bot/bot.py", line 457, in handle_event_selection
    event_id, title, description, creator_id, event_date, event_limit, created_at = event
ValueError: too many values to unpack (expected 7)
2025-07-23 14:12:53,404 - INFO - HTTP Request: POST https://api.telegram.org/bot8132507132:AAHGCXA_fMWIvjOxkeX9ri_nFifM8HXLVdI/getUpdates "HTTP/1.1 409 Conflict"
2025-07-23 14:12:53,420 - ERROR - Error while getting Updates: Conflict: terminated by other getUpdates request; make sure that only one bot instance is running
2025-07-23 14:12:53,420 - ERROR - No error handlers are registered, logging exception.
Traceback (most recent call last):
  File "/Volumes/ARIMA/bot-event/venv/lib/python3.9/site-packages/telegram/ext/_updater.py", line 688, in _network_loop_retry
    if not await action_cb():
  File "/Volumes/ARIMA/bot-event/venv/lib/python3.9/site-packages/telegram/ext/_updater.py", line 384, in polling_action_cb
    raise exc
  File "/Volumes/ARIMA/bot-event/venv/lib/python3.9/site-packages/telegram/ext/_updater.py", line 373, in polling_action_cb
    updates = await self.bot.get_updates(
  File "/Volumes/ARIMA/bot-event/venv/lib/python3.9/site-packages/telegram/ext/_extbot.py", line 558, in get_updates
    updates = await super().get_updates(
  File "/Volumes/ARIMA/bot-event/venv/lib/python3.9/site-packages/telegram/_bot.py", line 525, in decorator
    result = await func(self, *args, **kwargs)  # skipcq: PYL-E1102
  File "/Volumes/ARIMA/bot-event/venv/lib/python3.9/site-packages/telegram/_bot.py", line 3584, in get_updates
    await self._post(
  File "/Volumes/ARIMA/bot-event/venv/lib/python3.9/site-packages/telegram/_bot.py", line 613, in _post
    return await self._do_post(
  File "/Volumes/ARIMA/bot-event/venv/lib/python3.9/site-packages/telegram/ext/_extbot.py", line 340, in _do_post
    return await super()._do_post(
  File "/Volumes/ARIMA/bot-event/venv/lib/python3.9/site-packages/telegram/_bot.py", line 641, in _do_post
    return await request.post(
  File "/Volumes/ARIMA/bot-event/venv/lib/python3.9/site-packages/telegram/request/_baserequest.py", line 200, in post
    result = await self._request_wrapper(
  File "/Volumes/ARIMA/bot-event/venv/lib/python3.9/site-packages/telegram/request/_baserequest.py", line 381, in _request_wrapper
    raise Conflict(message)
telegram.error.Conflict: Conflict: terminated by other getUpdates request; make sure that only one bot instance is running
2025-07-23 14:12:58,645 - INFO - HTTP Request: POST https://api.telegram.org/bot8132507132:AAHGCXA_fMWIvjOxkeX9ri_nFifM8HXLVdI/getUpdates "HTTP/1.1 409 Conflict"
2025-07-23 14:12:58,649 - ERROR - Error while getting Updates: Conflict: terminated by other getUpdates request; make sure that only one bot instance is running
2025-07-23 14:12:58,649 - ERROR - No error handlers are registered, logging exception.
Traceback (most recent call last):
  File "/Volumes/ARIMA/bot-event/venv/lib/python3.9/site-packages/telegram/ext/_updater.py", line 688, in _network_loop_retry
    if not await action_cb():
  File "/Volumes/ARIMA/bot-event/venv/lib/python3.9/site-packages/telegram/ext/_updater.py", line 384, in polling_action_cb
    raise exc
  File "/Volumes/ARIMA/bot-event/venv/lib/python3.9/site-packages/telegram/ext/_updater.py", line 373, in polling_action_cb
    updates = await self.bot.get_updates(
  File "/Volumes/ARIMA/bot-event/venv/lib/python3.9/site-packages/telegram/ext/_extbot.py", line 558, in get_updates
    updates = await super().get_updates(
  File "/Volumes/ARIMA/bot-event/venv/lib/python3.9/site-packages/telegram/_bot.py", line 525, in decorator
    result = await func(self, *args, **kwargs)  # skipcq: PYL-E1102
  File "/Volumes/ARIMA/bot-event/venv/lib/python3.9/site-packages/telegram/_bot.py", line 3584, in get_updates
    await self._post(
  File "/Volumes/ARIMA/bot-event/venv/lib/python3.9/site-packages/telegram/_bot.py", line 613, in _post
    return await self._do_post(
  File "/Volumes/ARIMA/bot-event/venv/lib/python3.9/site-packages/telegram/ext/_extbot.py", line 340, in _do_post
    return await super()._do_post(
  File "/Volumes/ARIMA/bot-event/venv/lib/python3.9/site-packages/telegram/_bot.py", line 641, in _do_post
    return await request.post(
  File "/Volumes/ARIMA/bot-event/venv/lib/python3.9/site-packages/telegram/request/_baserequest.py", line 200, in post
    result = await self._request_wrapper(
  File "/Volumes/ARIMA/bot-event/venv/lib/python3.9/site-packages/telegram/request/_baserequest.py", line 381, in _request_wrapper
    raise Conflict(message)
telegram.error.Conflict: Conflict: terminated by other getUpdates request; make sure that only one bot instance is running
2025-07-23 14:13:04,399 - INFO - HTTP Request: POST https://api.telegram.org/bot8132507132:AAHGCXA_fMWIvjOxkeX9ri_nFifM8HXLVdI/getUpdates "HTTP/1.1 409 Conflict"
2025-07-23 14:13:04,415 - ERROR - Error while getting Updates: Conflict: terminated by other getUpdates request; make sure that only one bot instance is running
2025-07-23 14:13:04,415 - ERROR - No error handlers are registered, logging exception.
Traceback (most recent call last):
  File "/Volumes/ARIMA/bot-event/venv/lib/python3.9/site-packages/telegram/ext/_updater.py", line 688, in _network_loop_retry
    if not await action_cb():
  File "/Volumes/ARIMA/bot-event/venv/lib/python3.9/site-packages/telegram/ext/_updater.py", line 384, in polling_action_cb
    raise exc
  File "/Volumes/ARIMA/bot-event/venv/lib/python3.9/site-packages/telegram/ext/_updater.py", line 373, in polling_action_cb
    updates = await self.bot.get_updates(
  File "/Volumes/ARIMA/bot-event/venv/lib/python3.9/site-packages/telegram/ext/_extbot.py", line 558, in get_updates
    updates = await super().get_updates(
  File "/Volumes/ARIMA/bot-event/venv/lib/python3.9/site-packages/telegram/_bot.py", line 525, in decorator
    result = await func(self, *args, **kwargs)  # skipcq: PYL-E1102
  File "/Volumes/ARIMA/bot-event/venv/lib/python3.9/site-packages/telegram/_bot.py", line 3584, in get_updates
    await self._post(
  File "/Volumes/ARIMA/bot-event/venv/lib/python3.9/site-packages/telegram/_bot.py", line 613, in _post
    return await self._do_post(
  File "/Volumes/ARIMA/bot-event/venv/lib/python3.9/site-packages/telegram/ext/_extbot.py", line 340, in _do_post
    return await super()._do_post(
  File "/Volumes/ARIMA/bot-event/venv/lib/python3.9/site-packages/telegram/_bot.py", line 641, in _do_post
    return await request.post(
  File "/Volumes/ARIMA/bot-event/venv/lib/python3.9/site-packages/telegram/request/_baserequest.py", line 200, in post
    result = await self._request_wrapper(
  File "/Volumes/ARIMA/bot-event/venv/lib/python3.9/site-packages/telegram/request/_baserequest.py", line 381, in _request_wrapper
    raise Conflict(message)
telegram.error.Conflict: Conflict: terminated by other getUpdates request; make sure that only one bot instance is running
2025-07-23 14:13:06,783 - INFO - HTTP Request: POST https://api.telegram.org/bot8132507132:AAHGCXA_fMWIvjOxkeX9ri_nFifM8HXLVdI/getUpdates "HTTP/1.1 200 OK"
2025-07-23 14:13:06,786 - INFO - handle_event_selection: callback_data=open_event_82 user_id=398783184 context.user_data={}
2025-07-23 14:13:07,333 - INFO - HTTP Request: POST https://api.telegram.org/bot8132507132:AAHGCXA_fMWIvjOxkeX9ri_nFifM8HXLVdI/answerCallbackQuery "HTTP/1.1 200 OK"
2025-07-23 14:13:07,334 - INFO - [open_event] Попытка открыть набор для event_id=82, user_id=398783184
2025-07-23 14:13:07,335 - INFO - get_event_for_user_or_admin: db.get_event(82, 398783184) -> None
2025-07-23 14:13:07,336 - INFO - get_event_for_user_or_admin: SELECT ... FROM events WHERE id=82 -> (82, 'Встреча друзей', 'фжпвыарп', 398783184, '2025-08-04', 5, '2025-07-23 11:12:40', -4639146753)
2025-07-23 14:13:07,336 - INFO - [open_event] get_event_for_user_or_admin вернул: (82, 'Встреча друзей', 'фжпвыарп', 398783184, '2025-08-04', 5, '2025-07-23 11:12:40', -4639146753)
2025-07-23 14:13:07,336 - INFO - Открыть набор: event_id=82, старый лимит=5, новый лимит=6
2025-07-23 14:13:07,341 - INFO - [render_event_card] event_id=82, user_id=398783184, chat_id=-4639146753, is_private=False
2025-07-23 14:13:07,342 - INFO - [render_event_card] creator_id=398783184, ADMIN_ID=398783184
2025-07-23 14:13:07,344 - INFO - [render_event_card] show_admin_buttons=True (user_id=398783184, creator_id=398783184, ADMIN_ID=398783184, is_private=False)
2025-07-23 14:13:07,552 - INFO - HTTP Request: POST https://api.telegram.org/bot8132507132:AAHGCXA_fMWIvjOxkeX9ri_nFifM8HXLVdI/editMessageText "HTTP/1.1 200 OK"
2025-07-23 14:13:07,823 - INFO - HTTP Request: POST https://api.telegram.org/bot8132507132:AAHGCXA_fMWIvjOxkeX9ri_nFifM8HXLVdI/sendMessage "HTTP/1.1 200 OK"
2025-07-23 14:13:12,137 - INFO - HTTP Request: POST https://api.telegram.org/bot8132507132:AAHGCXA_fMWIvjOxkeX9ri_nFifM8HXLVdI/getUpdates "HTTP/1.1 409 Conflict"
2025-07-23 14:13:12,153 - ERROR - Error while getting Updates: Conflict: terminated by other getUpdates request; make sure that only one bot instance is running
2025-07-23 14:13:12,153 - ERROR - No error handlers are registered, logging exception.
Traceback (most recent call last):
  File "/Volumes/ARIMA/bot-event/venv/lib/python3.9/site-packages/telegram/ext/_updater.py", line 688, in _network_loop_retry
    if not await action_cb():
  File "/Volumes/ARIMA/bot-event/venv/lib/python3.9/site-packages/telegram/ext/_updater.py", line 384, in polling_action_cb
    raise exc
  File "/Volumes/ARIMA/bot-event/venv/lib/python3.9/site-packages/telegram/ext/_updater.py", line 373, in polling_action_cb
    updates = await self.bot.get_updates(
  File "/Volumes/ARIMA/bot-event/venv/lib/python3.9/site-packages/telegram/ext/_extbot.py", line 558, in get_updates
    updates = await super().get_updates(
  File "/Volumes/ARIMA/bot-event/venv/lib/python3.9/site-packages/telegram/_bot.py", line 525, in decorator
    result = await func(self, *args, **kwargs)  # skipcq: PYL-E1102
  File "/Volumes/ARIMA/bot-event/venv/lib/python3.9/site-packages/telegram/_bot.py", line 3584, in get_updates
    await self._post(
  File "/Volumes/ARIMA/bot-event/venv/lib/python3.9/site-packages/telegram/_bot.py", line 613, in _post
    return await self._do_post(
  File "/Volumes/ARIMA/bot-event/venv/lib/python3.9/site-packages/telegram/ext/_extbot.py", line 340, in _do_post
    return await super()._do_post(
  File "/Volumes/ARIMA/bot-event/venv/lib/python3.9/site-packages/telegram/_bot.py", line 641, in _do_post
    return await request.post(
  File "/Volumes/ARIMA/bot-event/venv/lib/python3.9/site-packages/telegram/request/_baserequest.py", line 200, in post
    result = await self._request_wrapper(
  File "/Volumes/ARIMA/bot-event/venv/lib/python3.9/site-packages/telegram/request/_baserequest.py", line 381, in _request_wrapper
    raise Conflict(message)
telegram.error.Conflict: Conflict: terminated by other getUpdates request; make sure that only one bot instance is running
2025-07-23 14:13:17,893 - INFO - HTTP Request: POST https://api.telegram.org/bot8132507132:AAHGCXA_fMWIvjOxkeX9ri_nFifM8HXLVdI/getUpdates "HTTP/1.1 409 Conflict"
2025-07-23 14:13:17,909 - ERROR - Error while getting Updates: Conflict: terminated by other getUpdates request; make sure that only one bot instance is running
2025-07-23 14:13:17,909 - ERROR - No error handlers are registered, logging exception.
Traceback (most recent call last):
  File "/Volumes/ARIMA/bot-event/venv/lib/python3.9/site-packages/telegram/ext/_updater.py", line 688, in _network_loop_retry
    if not await action_cb():
  File "/Volumes/ARIMA/bot-event/venv/lib/python3.9/site-packages/telegram/ext/_updater.py", line 384, in polling_action_cb
    raise exc
  File "/Volumes/ARIMA/bot-event/venv/lib/python3.9/site-packages/telegram/ext/_updater.py", line 373, in polling_action_cb
    updates = await self.bot.get_updates(
  File "/Volumes/ARIMA/bot-event/venv/lib/python3.9/site-packages/telegram/ext/_extbot.py", line 558, in get_updates
    updates = await super().get_updates(
  File "/Volumes/ARIMA/bot-event/venv/lib/python3.9/site-packages/telegram/_bot.py", line 525, in decorator
    result = await func(self, *args, **kwargs)  # skipcq: PYL-E1102
  File "/Volumes/ARIMA/bot-event/venv/lib/python3.9/site-packages/telegram/_bot.py", line 3584, in get_updates
    await self._post(
  File "/Volumes/ARIMA/bot-event/venv/lib/python3.9/site-packages/telegram/_bot.py", line 613, in _post
    return await self._do_post(
  File "/Volumes/ARIMA/bot-event/venv/lib/python3.9/site-packages/telegram/ext/_extbot.py", line 340, in _do_post
    return await super()._do_post(
  File "/Volumes/ARIMA/bot-event/venv/lib/python3.9/site-packages/telegram/_bot.py", line 641, in _do_post
    return await request.post(
  File "/Volumes/ARIMA/bot-event/venv/lib/python3.9/site-packages/telegram/request/_baserequest.py", line 200, in post
    result = await self._request_wrapper(
  File "/Volumes/ARIMA/bot-event/venv/lib/python3.9/site-packages/telegram/request/_baserequest.py", line 381, in _request_wrapper
    raise Conflict(message)
telegram.error.Conflict: Conflict: terminated by other getUpdates request; make sure that only one bot instance is running
2025-07-23 14:13:20,409 - INFO - HTTP Request: POST https://api.telegram.org/bot8132507132:AAHGCXA_fMWIvjOxkeX9ri_nFifM8HXLVdI/getUpdates "HTTP/1.1 200 OK"
2025-07-23 14:13:20,414 - INFO - handle_event_selection: callback_data=plus_82 user_id=398783184 context.user_data={}
2025-07-23 14:13:21,163 - INFO - HTTP Request: POST https://api.telegram.org/bot8132507132:AAHGCXA_fMWIvjOxkeX9ri_nFifM8HXLVdI/answerCallbackQuery "HTTP/1.1 200 OK"
2025-07-23 14:13:21,180 - INFO - get_event_for_user_or_admin: db.get_event(82, 398783184) -> None
2025-07-23 14:13:21,180 - INFO - get_event_for_user_or_admin: SELECT ... FROM events WHERE id=82 -> (82, 'Встреча друзей', 'фжпвыарп', 398783184, '2025-08-04', 6, '2025-07-23 11:12:40', -4639146753)
2025-07-23 14:13:21,180 - ERROR - No error handlers are registered, logging exception.
Traceback (most recent call last):
  File "/Volumes/ARIMA/bot-event/venv/lib/python3.9/site-packages/telegram/ext/_application.py", line 1234, in process_update
    await coroutine
  File "/Volumes/ARIMA/bot-event/venv/lib/python3.9/site-packages/telegram/ext/_basehandler.py", line 157, in handle_update
    return await self.callback(update, context)
  File "/Volumes/ARIMA/bot-event/event_voting_bot/bot.py", line 457, in handle_event_selection
    event_id, title, description, creator_id, event_date, event_limit, created_at = event
ValueError: too many values to unpack (expected 7)
2025-07-23 14:13:24,101 - INFO - HTTP Request: POST https://api.telegram.org/bot8132507132:AAHGCXA_fMWIvjOxkeX9ri_nFifM8HXLVdI/getUpdates "HTTP/1.1 409 Conflict"
2025-07-23 14:13:24,103 - ERROR - Error while getting Updates: Conflict: terminated by other getUpdates request; make sure that only one bot instance is running
2025-07-23 14:13:24,103 - ERROR - No error handlers are registered, logging exception.
Traceback (most recent call last):
  File "/Volumes/ARIMA/bot-event/venv/lib/python3.9/site-packages/telegram/ext/_updater.py", line 688, in _network_loop_retry
    if not await action_cb():
  File "/Volumes/ARIMA/bot-event/venv/lib/python3.9/site-packages/telegram/ext/_updater.py", line 384, in polling_action_cb
    raise exc
  File "/Volumes/ARIMA/bot-event/venv/lib/python3.9/site-packages/telegram/ext/_updater.py", line 373, in polling_action_cb
    updates = await self.bot.get_updates(
  File "/Volumes/ARIMA/bot-event/venv/lib/python3.9/site-packages/telegram/ext/_extbot.py", line 558, in get_updates
    updates = await super().get_updates(
  File "/Volumes/ARIMA/bot-event/venv/lib/python3.9/site-packages/telegram/_bot.py", line 525, in decorator
    result = await func(self, *args, **kwargs)  # skipcq: PYL-E1102
  File "/Volumes/ARIMA/bot-event/venv/lib/python3.9/site-packages/telegram/_bot.py", line 3584, in get_updates
    await self._post(
  File "/Volumes/ARIMA/bot-event/venv/lib/python3.9/site-packages/telegram/_bot.py", line 613, in _post
    return await self._do_post(
  File "/Volumes/ARIMA/bot-event/venv/lib/python3.9/site-packages/telegram/ext/_extbot.py", line 340, in _do_post
    return await super()._do_post(
  File "/Volumes/ARIMA/bot-event/venv/lib/python3.9/site-packages/telegram/_bot.py", line 641, in _do_post
    return await request.post(
  File "/Volumes/ARIMA/bot-event/venv/lib/python3.9/site-packages/telegram/request/_baserequest.py", line 200, in post
    result = await self._request_wrapper(
  File "/Volumes/ARIMA/bot-event/venv/lib/python3.9/site-packages/telegram/request/_baserequest.py", line 381, in _request_wrapper
    raise Conflict(message)
telegram.error.Conflict: Conflict: terminated by other getUpdates request; make sure that only one bot instance is running
2025-07-23 14:13:29,320 - INFO - HTTP Request: POST https://api.telegram.org/bot8132507132:AAHGCXA_fMWIvjOxkeX9ri_nFifM8HXLVdI/getUpdates "HTTP/1.1 409 Conflict"
2025-07-23 14:13:29,336 - ERROR - Error while getting Updates: Conflict: terminated by other getUpdates request; make sure that only one bot instance is running
2025-07-23 14:13:29,336 - ERROR - No error handlers are registered, logging exception.
Traceback (most recent call last):
  File "/Volumes/ARIMA/bot-event/venv/lib/python3.9/site-packages/telegram/ext/_updater.py", line 688, in _network_loop_retry
    if not await action_cb():
  File "/Volumes/ARIMA/bot-event/venv/lib/python3.9/site-packages/telegram/ext/_updater.py", line 384, in polling_action_cb
    raise exc
  File "/Volumes/ARIMA/bot-event/venv/lib/python3.9/site-packages/telegram/ext/_updater.py", line 373, in polling_action_cb
    updates = await self.bot.get_updates(
  File "/Volumes/ARIMA/bot-event/venv/lib/python3.9/site-packages/telegram/ext/_extbot.py", line 558, in get_updates
    updates = await super().get_updates(
  File "/Volumes/ARIMA/bot-event/venv/lib/python3.9/site-packages/telegram/_bot.py", line 525, in decorator
    result = await func(self, *args, **kwargs)  # skipcq: PYL-E1102
  File "/Volumes/ARIMA/bot-event/venv/lib/python3.9/site-packages/telegram/_bot.py", line 3584, in get_updates
    await self._post(
  File "/Volumes/ARIMA/bot-event/venv/lib/python3.9/site-packages/telegram/_bot.py", line 613, in _post
    return await self._do_post(
  File "/Volumes/ARIMA/bot-event/venv/lib/python3.9/site-packages/telegram/ext/_extbot.py", line 340, in _do_post
    return await super()._do_post(
  File "/Volumes/ARIMA/bot-event/venv/lib/python3.9/site-packages/telegram/_bot.py", line 641, in _do_post
    return await request.post(
  File "/Volumes/ARIMA/bot-event/venv/lib/python3.9/site-packages/telegram/request/_baserequest.py", line 200, in post
    result = await self._request_wrapper(
  File "/Volumes/ARIMA/bot-event/venv/lib/python3.9/site-packages/telegram/request/_baserequest.py", line 381, in _request_wrapper
    raise Conflict(message)
telegram.error.Conflict: Conflict: terminated by other getUpdates request; make sure that only one bot instance is running
2025-07-23 14:13:35,615 - INFO - HTTP Request: POST https://api.telegram.org/bot8132507132:AAHGCXA_fMWIvjOxkeX9ri_nFifM8HXLVdI/getUpdates "HTTP/1.1 409 Conflict"
2025-07-23 14:13:35,616 - ERROR - Error while getting Updates: Conflict: terminated by other getUpdates request; make sure that only one bot instance is running
2025-07-23 14:13:35,616 - ERROR - No error handlers are registered, logging exception.
Traceback (most recent call last):
  File "/Volumes/ARIMA/bot-event/venv/lib/python3.9/site-packages/telegram/ext/_updater.py", line 688, in _network_loop_retry
    if not await action_cb():
  File "/Volumes/ARIMA/bot-event/venv/lib/python3.9/site-packages/telegram/ext/_updater.py", line 384, in polling_action_cb
    raise exc
  File "/Volumes/ARIMA/bot-event/venv/lib/python3.9/site-packages/telegram/ext/_updater.py", line 373, in polling_action_cb
    updates = await self.bot.get_updates(
  File "/Volumes/ARIMA/bot-event/venv/lib/python3.9/site-packages/telegram/ext/_extbot.py", line 558, in get_updates
    updates = await super().get_updates(
  File "/Volumes/ARIMA/bot-event/venv/lib/python3.9/site-packages/telegram/_bot.py", line 525, in decorator
    result = await func(self, *args, **kwargs)  # skipcq: PYL-E1102
  File "/Volumes/ARIMA/bot-event/venv/lib/python3.9/site-packages/telegram/_bot.py", line 3584, in get_updates
    await self._post(
  File "/Volumes/ARIMA/bot-event/venv/lib/python3.9/site-packages/telegram/_bot.py", line 613, in _post
    return await self._do_post(
  File "/Volumes/ARIMA/bot-event/venv/lib/python3.9/site-packages/telegram/ext/_extbot.py", line 340, in _do_post
    return await super()._do_post(
  File "/Volumes/ARIMA/bot-event/venv/lib/python3.9/site-packages/telegram/_bot.py", line 641, in _do_post
    return await request.post(
  File "/Volumes/ARIMA/bot-event/venv/lib/python3.9/site-packages/telegram/request/_baserequest.py", line 200, in post
    result = await self._request_wrapper(
  File "/Volumes/ARIMA/bot-event/venv/lib/python3.9/site-packages/telegram/request/_baserequest.py", line 381, in _request_wrapper
    raise Conflict(message)
telegram.error.Conflict: Conflict: terminated by other getUpdates request; make sure that only one bot instance is running
2025-07-23 14:13:41,750 - INFO - HTTP Request: POST https://api.telegram.org/bot8132507132:AAHGCXA_fMWIvjOxkeX9ri_nFifM8HXLVdI/getUpdates "HTTP/1.1 409 Conflict"
2025-07-23 14:13:41,754 - ERROR - Error while getting Updates: Conflict: terminated by other getUpdates request; make sure that only one bot instance is running
2025-07-23 14:13:41,754 - ERROR - No error handlers are registered, logging exception.
Traceback (most recent call last):
  File "/Volumes/ARIMA/bot-event/venv/lib/python3.9/site-packages/telegram/ext/_updater.py", line 688, in _network_loop_retry
    if not await action_cb():
  File "/Volumes/ARIMA/bot-event/venv/lib/python3.9/site-packages/telegram/ext/_updater.py", line 384, in polling_action_cb
    raise exc
  File "/Volumes/ARIMA/bot-event/venv/lib/python3.9/site-packages/telegram/ext/_updater.py", line 373, in polling_action_cb
    updates = await self.bot.get_updates(
  File "/Volumes/ARIMA/bot-event/venv/lib/python3.9/site-packages/telegram/ext/_extbot.py", line 558, in get_updates
    updates = await super().get_updates(
  File "/Volumes/ARIMA/bot-event/venv/lib/python3.9/site-packages/telegram/_bot.py", line 525, in decorator
    result = await func(self, *args, **kwargs)  # skipcq: PYL-E1102
  File "/Volumes/ARIMA/bot-event/venv/lib/python3.9/site-packages/telegram/_bot.py", line 3584, in get_updates
    await self._post(
  File "/Volumes/ARIMA/bot-event/venv/lib/python3.9/site-packages/telegram/_bot.py", line 613, in _post
    return await self._do_post(
  File "/Volumes/ARIMA/bot-event/venv/lib/python3.9/site-packages/telegram/ext/_extbot.py", line 340, in _do_post
    return await super()._do_post(
  File "/Volumes/ARIMA/bot-event/venv/lib/python3.9/site-packages/telegram/_bot.py", line 641, in _do_post
    return await request.post(
  File "/Volumes/ARIMA/bot-event/venv/lib/python3.9/site-packages/telegram/request/_baserequest.py", line 200, in post
    result = await self._request_wrapper(
  File "/Volumes/ARIMA/bot-event/venv/lib/python3.9/site-packages/telegram/request/_baserequest.py", line 381, in _request_wrapper
    raise Conflict(message)
telegram.error.Conflict: Conflict: terminated by other getUpdates request; make sure that only one bot instance is running
2025-07-23 14:13:46,952 - INFO - HTTP Request: POST https://api.telegram.org/bot8132507132:AAHGCXA_fMWIvjOxkeX9ri_nFifM8HXLVdI/getUpdates "HTTP/1.1 200 OK"
2025-07-23 14:13:47,814 - INFO - HTTP Request: POST https://api.telegram.org/bot8132507132:AAHGCXA_fMWIvjOxkeX9ri_nFifM8HXLVdI/sendMessage "HTTP/1.1 200 OK"
2025-07-23 14:13:48,821 - INFO - HTTP Request: POST https://api.telegram.org/bot8132507132:AAHGCXA_fMWIvjOxkeX9ri_nFifM8HXLVdI/getUpdates "HTTP/1.1 409 Conflict"
2025-07-23 14:13:48,825 - ERROR - Error while getting Updates: Conflict: terminated by other getUpdates request; make sure that only one bot instance is running
2025-07-23 14:13:48,825 - ERROR - No error handlers are registered, logging exception.
Traceback (most recent call last):
  File "/Volumes/ARIMA/bot-event/venv/lib/python3.9/site-packages/telegram/ext/_updater.py", line 688, in _network_loop_retry
    if not await action_cb():
  File "/Volumes/ARIMA/bot-event/venv/lib/python3.9/site-packages/telegram/ext/_updater.py", line 384, in polling_action_cb
    raise exc
  File "/Volumes/ARIMA/bot-event/venv/lib/python3.9/site-packages/telegram/ext/_updater.py", line 373, in polling_action_cb
    updates = await self.bot.get_updates(
  File "/Volumes/ARIMA/bot-event/venv/lib/python3.9/site-packages/telegram/ext/_extbot.py", line 558, in get_updates
    updates = await super().get_updates(
  File "/Volumes/ARIMA/bot-event/venv/lib/python3.9/site-packages/telegram/_bot.py", line 525, in decorator
    result = await func(self, *args, **kwargs)  # skipcq: PYL-E1102
  File "/Volumes/ARIMA/bot-event/venv/lib/python3.9/site-packages/telegram/_bot.py", line 3584, in get_updates
    await self._post(
  File "/Volumes/ARIMA/bot-event/venv/lib/python3.9/site-packages/telegram/_bot.py", line 613, in _post
    return await self._do_post(
  File "/Volumes/ARIMA/bot-event/venv/lib/python3.9/site-packages/telegram/ext/_extbot.py", line 340, in _do_post
    return await super()._do_post(
  File "/Volumes/ARIMA/bot-event/venv/lib/python3.9/site-packages/telegram/_bot.py", line 641, in _do_post
    return await request.post(
  File "/Volumes/ARIMA/bot-event/venv/lib/python3.9/site-packages/telegram/request/_baserequest.py", line 200, in post
    result = await self._request_wrapper(
  File "/Volumes/ARIMA/bot-event/venv/lib/python3.9/site-packages/telegram/request/_baserequest.py", line 381, in _request_wrapper
    raise Conflict(message)
telegram.error.Conflict: Conflict: terminated by other getUpdates request; make sure that only one bot instance is running
2025-07-23 14:13:50,309 - INFO - HTTP Request: POST https://api.telegram.org/bot8132507132:AAHGCXA_fMWIvjOxkeX9ri_nFifM8HXLVdI/getUpdates "HTTP/1.1 200 OK"
2025-07-23 14:13:50,312 - INFO - [handle_settings_buttons] callback received: data=settings_setlimit, user_id=398783184
2025-07-23 14:13:50,498 - INFO - HTTP Request: POST https://api.telegram.org/bot8132507132:AAHGCXA_fMWIvjOxkeX9ri_nFifM8HXLVdI/answerCallbackQuery "HTTP/1.1 200 OK"
2025-07-23 14:13:50,635 - INFO - HTTP Request: POST https://api.telegram.org/bot8132507132:AAHGCXA_fMWIvjOxkeX9ri_nFifM8HXLVdI/editMessageText "HTTP/1.1 200 OK"
2025-07-23 14:13:52,209 - INFO - HTTP Request: POST https://api.telegram.org/bot8132507132:AAHGCXA_fMWIvjOxkeX9ri_nFifM8HXLVdI/getUpdates "HTTP/1.1 200 OK"
2025-07-23 14:13:52,393 - INFO - HTTP Request: POST https://api.telegram.org/bot8132507132:AAHGCXA_fMWIvjOxkeX9ri_nFifM8HXLVdI/getUpdates "HTTP/1.1 200 OK"
2025-07-23 14:13:52,397 - INFO - HTTP Request: POST https://api.telegram.org/bot8132507132:AAHGCXA_fMWIvjOxkeX9ri_nFifM8HXLVdI/answerCallbackQuery "HTTP/1.1 200 OK"
2025-07-23 14:13:52,508 - INFO - HTTP Request: POST https://api.telegram.org/bot8132507132:AAHGCXA_fMWIvjOxkeX9ri_nFifM8HXLVdI/getUpdates "HTTP/1.1 200 OK"
2025-07-23 14:13:52,535 - INFO - HTTP Request: POST https://api.telegram.org/bot8132507132:AAHGCXA_fMWIvjOxkeX9ri_nFifM8HXLVdI/editMessageText "HTTP/1.1 200 OK"
2025-07-23 14:13:52,695 - INFO - HTTP Request: POST https://api.telegram.org/bot8132507132:AAHGCXA_fMWIvjOxkeX9ri_nFifM8HXLVdI/answerCallbackQuery "HTTP/1.1 200 OK"
2025-07-23 14:13:52,914 - INFO - HTTP Request: POST https://api.telegram.org/bot8132507132:AAHGCXA_fMWIvjOxkeX9ri_nFifM8HXLVdI/editMessageText "HTTP/1.1 200 OK"
2025-07-23 14:13:53,019 - INFO - HTTP Request: POST https://api.telegram.org/bot8132507132:AAHGCXA_fMWIvjOxkeX9ri_nFifM8HXLVdI/getUpdates "HTTP/1.1 409 Conflict"
2025-07-23 14:13:53,020 - ERROR - Error while getting Updates: Conflict: terminated by other getUpdates request; make sure that only one bot instance is running
2025-07-23 14:13:53,020 - ERROR - No error handlers are registered, logging exception.
Traceback (most recent call last):
  File "/Volumes/ARIMA/bot-event/venv/lib/python3.9/site-packages/telegram/ext/_updater.py", line 688, in _network_loop_retry
    if not await action_cb():
  File "/Volumes/ARIMA/bot-event/venv/lib/python3.9/site-packages/telegram/ext/_updater.py", line 384, in polling_action_cb
    raise exc
  File "/Volumes/ARIMA/bot-event/venv/lib/python3.9/site-packages/telegram/ext/_updater.py", line 373, in polling_action_cb
    updates = await self.bot.get_updates(
  File "/Volumes/ARIMA/bot-event/venv/lib/python3.9/site-packages/telegram/ext/_extbot.py", line 558, in get_updates
    updates = await super().get_updates(
  File "/Volumes/ARIMA/bot-event/venv/lib/python3.9/site-packages/telegram/_bot.py", line 525, in decorator
    result = await func(self, *args, **kwargs)  # skipcq: PYL-E1102
  File "/Volumes/ARIMA/bot-event/venv/lib/python3.9/site-packages/telegram/_bot.py", line 3584, in get_updates
    await self._post(
  File "/Volumes/ARIMA/bot-event/venv/lib/python3.9/site-packages/telegram/_bot.py", line 613, in _post
    return await self._do_post(
  File "/Volumes/ARIMA/bot-event/venv/lib/python3.9/site-packages/telegram/ext/_extbot.py", line 340, in _do_post
    return await super()._do_post(
  File "/Volumes/ARIMA/bot-event/venv/lib/python3.9/site-packages/telegram/_bot.py", line 641, in _do_post
    return await request.post(
  File "/Volumes/ARIMA/bot-event/venv/lib/python3.9/site-packages/telegram/request/_baserequest.py", line 200, in post
    result = await self._request_wrapper(
  File "/Volumes/ARIMA/bot-event/venv/lib/python3.9/site-packages/telegram/request/_baserequest.py", line 381, in _request_wrapper
    raise Conflict(message)
telegram.error.Conflict: Conflict: terminated by other getUpdates request; make sure that only one bot instance is running
2025-07-23 14:13:53,091 - INFO - HTTP Request: POST https://api.telegram.org/bot8132507132:AAHGCXA_fMWIvjOxkeX9ri_nFifM8HXLVdI/answerCallbackQuery "HTTP/1.1 200 OK"
2025-07-23 14:13:53,251 - INFO - HTTP Request: POST https://api.telegram.org/bot8132507132:AAHGCXA_fMWIvjOxkeX9ri_nFifM8HXLVdI/editMessageText "HTTP/1.1 200 OK"
2025-07-23 14:13:55,439 - INFO - HTTP Request: POST https://api.telegram.org/bot8132507132:AAHGCXA_fMWIvjOxkeX9ri_nFifM8HXLVdI/getUpdates "HTTP/1.1 200 OK"
2025-07-23 14:13:55,744 - INFO - HTTP Request: POST https://api.telegram.org/bot8132507132:AAHGCXA_fMWIvjOxkeX9ri_nFifM8HXLVdI/answerCallbackQuery "HTTP/1.1 200 OK"
2025-07-23 14:13:55,945 - INFO - HTTP Request: POST https://api.telegram.org/bot8132507132:AAHGCXA_fMWIvjOxkeX9ri_nFifM8HXLVdI/editMessageText "HTTP/1.1 200 OK"
2025-07-23 14:13:58,264 - INFO - HTTP Request: POST https://api.telegram.org/bot8132507132:AAHGCXA_fMWIvjOxkeX9ri_nFifM8HXLVdI/getUpdates "HTTP/1.1 409 Conflict"
2025-07-23 14:13:58,266 - ERROR - Error while getting Updates: Conflict: terminated by other getUpdates request; make sure that only one bot instance is running
2025-07-23 14:13:58,266 - ERROR - No error handlers are registered, logging exception.
Traceback (most recent call last):
  File "/Volumes/ARIMA/bot-event/venv/lib/python3.9/site-packages/telegram/ext/_updater.py", line 688, in _network_loop_retry
    if not await action_cb():
  File "/Volumes/ARIMA/bot-event/venv/lib/python3.9/site-packages/telegram/ext/_updater.py", line 384, in polling_action_cb
    raise exc
  File "/Volumes/ARIMA/bot-event/venv/lib/python3.9/site-packages/telegram/ext/_updater.py", line 373, in polling_action_cb
    updates = await self.bot.get_updates(
  File "/Volumes/ARIMA/bot-event/venv/lib/python3.9/site-packages/telegram/ext/_extbot.py", line 558, in get_updates
    updates = await super().get_updates(
  File "/Volumes/ARIMA/bot-event/venv/lib/python3.9/site-packages/telegram/_bot.py", line 525, in decorator
    result = await func(self, *args, **kwargs)  # skipcq: PYL-E1102
  File "/Volumes/ARIMA/bot-event/venv/lib/python3.9/site-packages/telegram/_bot.py", line 3584, in get_updates
    await self._post(
  File "/Volumes/ARIMA/bot-event/venv/lib/python3.9/site-packages/telegram/_bot.py", line 613, in _post
    return await self._do_post(
  File "/Volumes/ARIMA/bot-event/venv/lib/python3.9/site-packages/telegram/ext/_extbot.py", line 340, in _do_post
    return await super()._do_post(
  File "/Volumes/ARIMA/bot-event/venv/lib/python3.9/site-packages/telegram/_bot.py", line 641, in _do_post
    return await request.post(
  File "/Volumes/ARIMA/bot-event/venv/lib/python3.9/site-packages/telegram/request/_baserequest.py", line 200, in post
    result = await self._request_wrapper(
  File "/Volumes/ARIMA/bot-event/venv/lib/python3.9/site-packages/telegram/request/_baserequest.py", line 381, in _request_wrapper
    raise Conflict(message)
telegram.error.Conflict: Conflict: terminated by other getUpdates request; make sure that only one bot instance is running
2025-07-23 14:14:03,123 - INFO - HTTP Request: POST https://api.telegram.org/bot8132507132:AAHGCXA_fMWIvjOxkeX9ri_nFifM8HXLVdI/getUpdates "HTTP/1.1 409 Conflict"
2025-07-23 14:14:03,139 - ERROR - Error while getting Updates: Conflict: terminated by other getUpdates request; make sure that only one bot instance is running
2025-07-23 14:14:03,139 - ERROR - No error handlers are registered, logging exception.
Traceback (most recent call last):
  File "/Volumes/ARIMA/bot-event/venv/lib/python3.9/site-packages/telegram/ext/_updater.py", line 688, in _network_loop_retry
    if not await action_cb():
  File "/Volumes/ARIMA/bot-event/venv/lib/python3.9/site-packages/telegram/ext/_updater.py", line 384, in polling_action_cb
    raise exc
  File "/Volumes/ARIMA/bot-event/venv/lib/python3.9/site-packages/telegram/ext/_updater.py", line 373, in polling_action_cb
    updates = await self.bot.get_updates(
  File "/Volumes/ARIMA/bot-event/venv/lib/python3.9/site-packages/telegram/ext/_extbot.py", line 558, in get_updates
    updates = await super().get_updates(
  File "/Volumes/ARIMA/bot-event/venv/lib/python3.9/site-packages/telegram/_bot.py", line 525, in decorator
    result = await func(self, *args, **kwargs)  # skipcq: PYL-E1102
  File "/Volumes/ARIMA/bot-event/venv/lib/python3.9/site-packages/telegram/_bot.py", line 3584, in get_updates
    await self._post(
  File "/Volumes/ARIMA/bot-event/venv/lib/python3.9/site-packages/telegram/_bot.py", line 613, in _post
    return await self._do_post(
  File "/Volumes/ARIMA/bot-event/venv/lib/python3.9/site-packages/telegram/ext/_extbot.py", line 340, in _do_post
    return await super()._do_post(
  File "/Volumes/ARIMA/bot-event/venv/lib/python3.9/site-packages/telegram/_bot.py", line 641, in _do_post
    return await request.post(
  File "/Volumes/ARIMA/bot-event/venv/lib/python3.9/site-packages/telegram/request/_baserequest.py", line 200, in post
    result = await self._request_wrapper(
  File "/Volumes/ARIMA/bot-event/venv/lib/python3.9/site-packages/telegram/request/_baserequest.py", line 381, in _request_wrapper
    raise Conflict(message)
telegram.error.Conflict: Conflict: terminated by other getUpdates request; make sure that only one bot instance is running
2025-07-23 14:14:08,865 - INFO - HTTP Request: POST https://api.telegram.org/bot8132507132:AAHGCXA_fMWIvjOxkeX9ri_nFifM8HXLVdI/getUpdates "HTTP/1.1 409 Conflict"
2025-07-23 14:14:08,866 - ERROR - Error while getting Updates: Conflict: terminated by other getUpdates request; make sure that only one bot instance is running
2025-07-23 14:14:08,866 - ERROR - No error handlers are registered, logging exception.
Traceback (most recent call last):
  File "/Volumes/ARIMA/bot-event/venv/lib/python3.9/site-packages/telegram/ext/_updater.py", line 688, in _network_loop_retry
    if not await action_cb():
  File "/Volumes/ARIMA/bot-event/venv/lib/python3.9/site-packages/telegram/ext/_updater.py", line 384, in polling_action_cb
    raise exc
  File "/Volumes/ARIMA/bot-event/venv/lib/python3.9/site-packages/telegram/ext/_updater.py", line 373, in polling_action_cb
    updates = await self.bot.get_updates(
  File "/Volumes/ARIMA/bot-event/venv/lib/python3.9/site-packages/telegram/ext/_extbot.py", line 558, in get_updates
    updates = await super().get_updates(
  File "/Volumes/ARIMA/bot-event/venv/lib/python3.9/site-packages/telegram/_bot.py", line 525, in decorator
    result = await func(self, *args, **kwargs)  # skipcq: PYL-E1102
  File "/Volumes/ARIMA/bot-event/venv/lib/python3.9/site-packages/telegram/_bot.py", line 3584, in get_updates
    await self._post(
  File "/Volumes/ARIMA/bot-event/venv/lib/python3.9/site-packages/telegram/_bot.py", line 613, in _post
    return await self._do_post(
  File "/Volumes/ARIMA/bot-event/venv/lib/python3.9/site-packages/telegram/ext/_extbot.py", line 340, in _do_post
    return await super()._do_post(
  File "/Volumes/ARIMA/bot-event/venv/lib/python3.9/site-packages/telegram/_bot.py", line 641, in _do_post
    return await request.post(
  File "/Volumes/ARIMA/bot-event/venv/lib/python3.9/site-packages/telegram/request/_baserequest.py", line 200, in post
    result = await self._request_wrapper(
  File "/Volumes/ARIMA/bot-event/venv/lib/python3.9/site-packages/telegram/request/_baserequest.py", line 381, in _request_wrapper
    raise Conflict(message)
telegram.error.Conflict: Conflict: terminated by other getUpdates request; make sure that only one bot instance is running
2025-07-23 14:14:15,223 - INFO - HTTP Request: POST https://api.telegram.org/bot8132507132:AAHGCXA_fMWIvjOxkeX9ri_nFifM8HXLVdI/getUpdates "HTTP/1.1 409 Conflict"
2025-07-23 14:14:15,239 - ERROR - Error while getting Updates: Conflict: terminated by other getUpdates request; make sure that only one bot instance is running
2025-07-23 14:14:15,239 - ERROR - No error handlers are registered, logging exception.
Traceback (most recent call last):
  File "/Volumes/ARIMA/bot-event/venv/lib/python3.9/site-packages/telegram/ext/_updater.py", line 688, in _network_loop_retry
    if not await action_cb():
  File "/Volumes/ARIMA/bot-event/venv/lib/python3.9/site-packages/telegram/ext/_updater.py", line 384, in polling_action_cb
    raise exc
  File "/Volumes/ARIMA/bot-event/venv/lib/python3.9/site-packages/telegram/ext/_updater.py", line 373, in polling_action_cb
    updates = await self.bot.get_updates(
  File "/Volumes/ARIMA/bot-event/venv/lib/python3.9/site-packages/telegram/ext/_extbot.py", line 558, in get_updates
    updates = await super().get_updates(
  File "/Volumes/ARIMA/bot-event/venv/lib/python3.9/site-packages/telegram/_bot.py", line 525, in decorator
    result = await func(self, *args, **kwargs)  # skipcq: PYL-E1102
  File "/Volumes/ARIMA/bot-event/venv/lib/python3.9/site-packages/telegram/_bot.py", line 3584, in get_updates
    await self._post(
  File "/Volumes/ARIMA/bot-event/venv/lib/python3.9/site-packages/telegram/_bot.py", line 613, in _post
    return await self._do_post(
  File "/Volumes/ARIMA/bot-event/venv/lib/python3.9/site-packages/telegram/ext/_extbot.py", line 340, in _do_post
    return await super()._do_post(
  File "/Volumes/ARIMA/bot-event/venv/lib/python3.9/site-packages/telegram/_bot.py", line 641, in _do_post
    return await request.post(
  File "/Volumes/ARIMA/bot-event/venv/lib/python3.9/site-packages/telegram/request/_baserequest.py", line 200, in post
    result = await self._request_wrapper(
  File "/Volumes/ARIMA/bot-event/venv/lib/python3.9/site-packages/telegram/request/_baserequest.py", line 381, in _request_wrapper
    raise Conflict(message)
telegram.error.Conflict: Conflict: terminated by other getUpdates request; make sure that only one bot instance is running
2025-07-23 14:14:22,838 - INFO - HTTP Request: POST https://api.telegram.org/bot8132507132:AAHGCXA_fMWIvjOxkeX9ri_nFifM8HXLVdI/getUpdates "HTTP/1.1 409 Conflict"
2025-07-23 14:14:22,839 - ERROR - Error while getting Updates: Conflict: terminated by other getUpdates request; make sure that only one bot instance is running
2025-07-23 14:14:22,839 - ERROR - No error handlers are registered, logging exception.
Traceback (most recent call last):
  File "/Volumes/ARIMA/bot-event/venv/lib/python3.9/site-packages/telegram/ext/_updater.py", line 688, in _network_loop_retry
    if not await action_cb():
  File "/Volumes/ARIMA/bot-event/venv/lib/python3.9/site-packages/telegram/ext/_updater.py", line 384, in polling_action_cb
    raise exc
  File "/Volumes/ARIMA/bot-event/venv/lib/python3.9/site-packages/telegram/ext/_updater.py", line 373, in polling_action_cb
    updates = await self.bot.get_updates(
  File "/Volumes/ARIMA/bot-event/venv/lib/python3.9/site-packages/telegram/ext/_extbot.py", line 558, in get_updates
    updates = await super().get_updates(
  File "/Volumes/ARIMA/bot-event/venv/lib/python3.9/site-packages/telegram/_bot.py", line 525, in decorator
    result = await func(self, *args, **kwargs)  # skipcq: PYL-E1102
  File "/Volumes/ARIMA/bot-event/venv/lib/python3.9/site-packages/telegram/_bot.py", line 3584, in get_updates
    await self._post(
  File "/Volumes/ARIMA/bot-event/venv/lib/python3.9/site-packages/telegram/_bot.py", line 613, in _post
    return await self._do_post(
  File "/Volumes/ARIMA/bot-event/venv/lib/python3.9/site-packages/telegram/ext/_extbot.py", line 340, in _do_post
    return await super()._do_post(
  File "/Volumes/ARIMA/bot-event/venv/lib/python3.9/site-packages/telegram/_bot.py", line 641, in _do_post
    return await request.post(
  File "/Volumes/ARIMA/bot-event/venv/lib/python3.9/site-packages/telegram/request/_baserequest.py", line 200, in post
    result = await self._request_wrapper(
  File "/Volumes/ARIMA/bot-event/venv/lib/python3.9/site-packages/telegram/request/_baserequest.py", line 381, in _request_wrapper
    raise Conflict(message)
telegram.error.Conflict: Conflict: terminated by other getUpdates request; make sure that only one bot instance is running
2025-07-23 14:14:29,718 - INFO - HTTP Request: POST https://api.telegram.org/bot8132507132:AAHGCXA_fMWIvjOxkeX9ri_nFifM8HXLVdI/getUpdates "HTTP/1.1 200 OK"
2025-07-23 14:14:29,725 - INFO - handle_event_selection: callback_data=back_to_events user_id=398783184 context.user_data={}
2025-07-23 14:14:30,335 - INFO - HTTP Request: POST https://api.telegram.org/bot8132507132:AAHGCXA_fMWIvjOxkeX9ri_nFifM8HXLVdI/answerCallbackQuery "HTTP/1.1 200 OK"
2025-07-23 14:14:30,507 - INFO - HTTP Request: POST https://api.telegram.org/bot8132507132:AAHGCXA_fMWIvjOxkeX9ri_nFifM8HXLVdI/deleteMessage "HTTP/1.1 200 OK"
2025-07-23 14:14:30,618 - INFO - HTTP Request: POST https://api.telegram.org/bot8132507132:AAHGCXA_fMWIvjOxkeX9ri_nFifM8HXLVdI/sendMessage "HTTP/1.1 400 Bad Request"
2025-07-23 14:14:30,619 - ERROR - No error handlers are registered, logging exception.
Traceback (most recent call last):
  File "/Volumes/ARIMA/bot-event/venv/lib/python3.9/site-packages/telegram/ext/_application.py", line 1234, in process_update
    await coroutine
  File "/Volumes/ARIMA/bot-event/venv/lib/python3.9/site-packages/telegram/ext/_basehandler.py", line 157, in handle_update
    return await self.callback(update, context)
  File "/Volumes/ARIMA/bot-event/event_voting_bot/bot.py", line 525, in handle_event_selection
    await query.message.reply_text("📋 **Активные мероприятия:**", reply_markup=reply_markup)
  File "/Volumes/ARIMA/bot-event/venv/lib/python3.9/site-packages/telegram/_message.py", line 1094, in reply_text
    return await self.get_bot().send_message(
  File "/Volumes/ARIMA/bot-event/venv/lib/python3.9/site-packages/telegram/ext/_extbot.py", line 2624, in send_message
    return await super().send_message(
  File "/Volumes/ARIMA/bot-event/venv/lib/python3.9/site-packages/telegram/_bot.py", line 525, in decorator
    result = await func(self, *args, **kwargs)  # skipcq: PYL-E1102
  File "/Volumes/ARIMA/bot-event/venv/lib/python3.9/site-packages/telegram/_bot.py", line 846, in send_message
    return await self._send_message(
  File "/Volumes/ARIMA/bot-event/venv/lib/python3.9/site-packages/telegram/ext/_extbot.py", line 522, in _send_message
    result = await super()._send_message(
  File "/Volumes/ARIMA/bot-event/venv/lib/python3.9/site-packages/telegram/_bot.py", line 703, in _send_message
    result = await self._post(
  File "/Volumes/ARIMA/bot-event/venv/lib/python3.9/site-packages/telegram/_bot.py", line 613, in _post
    return await self._do_post(
  File "/Volumes/ARIMA/bot-event/venv/lib/python3.9/site-packages/telegram/ext/_extbot.py", line 340, in _do_post
    return await super()._do_post(
  File "/Volumes/ARIMA/bot-event/venv/lib/python3.9/site-packages/telegram/_bot.py", line 641, in _do_post
    return await request.post(
  File "/Volumes/ARIMA/bot-event/venv/lib/python3.9/site-packages/telegram/request/_baserequest.py", line 200, in post
    result = await self._request_wrapper(
  File "/Volumes/ARIMA/bot-event/venv/lib/python3.9/site-packages/telegram/request/_baserequest.py", line 379, in _request_wrapper
    raise BadRequest(message)
telegram.error.BadRequest: Message to be replied not found
2025-07-23 14:14:33,063 - INFO - HTTP Request: POST https://api.telegram.org/bot8132507132:AAHGCXA_fMWIvjOxkeX9ri_nFifM8HXLVdI/getUpdates "HTTP/1.1 409 Conflict"
2025-07-23 14:14:33,065 - ERROR - Error while getting Updates: Conflict: terminated by other getUpdates request; make sure that only one bot instance is running
2025-07-23 14:14:33,065 - ERROR - No error handlers are registered, logging exception.
Traceback (most recent call last):
  File "/Volumes/ARIMA/bot-event/venv/lib/python3.9/site-packages/telegram/ext/_updater.py", line 688, in _network_loop_retry
    if not await action_cb():
  File "/Volumes/ARIMA/bot-event/venv/lib/python3.9/site-packages/telegram/ext/_updater.py", line 384, in polling_action_cb
    raise exc
  File "/Volumes/ARIMA/bot-event/venv/lib/python3.9/site-packages/telegram/ext/_updater.py", line 373, in polling_action_cb
    updates = await self.bot.get_updates(
  File "/Volumes/ARIMA/bot-event/venv/lib/python3.9/site-packages/telegram/ext/_extbot.py", line 558, in get_updates
    updates = await super().get_updates(
  File "/Volumes/ARIMA/bot-event/venv/lib/python3.9/site-packages/telegram/_bot.py", line 525, in decorator
    result = await func(self, *args, **kwargs)  # skipcq: PYL-E1102
  File "/Volumes/ARIMA/bot-event/venv/lib/python3.9/site-packages/telegram/_bot.py", line 3584, in get_updates
    await self._post(
  File "/Volumes/ARIMA/bot-event/venv/lib/python3.9/site-packages/telegram/_bot.py", line 613, in _post
    return await self._do_post(
  File "/Volumes/ARIMA/bot-event/venv/lib/python3.9/site-packages/telegram/ext/_extbot.py", line 340, in _do_post
    return await super()._do_post(
  File "/Volumes/ARIMA/bot-event/venv/lib/python3.9/site-packages/telegram/_bot.py", line 641, in _do_post
    return await request.post(
  File "/Volumes/ARIMA/bot-event/venv/lib/python3.9/site-packages/telegram/request/_baserequest.py", line 200, in post
    result = await self._request_wrapper(
  File "/Volumes/ARIMA/bot-event/venv/lib/python3.9/site-packages/telegram/request/_baserequest.py", line 381, in _request_wrapper
    raise Conflict(message)
telegram.error.Conflict: Conflict: terminated by other getUpdates request; make sure that only one bot instance is running
2025-07-23 14:14:37,202 - INFO - HTTP Request: POST https://api.telegram.org/bot8132507132:AAHGCXA_fMWIvjOxkeX9ri_nFifM8HXLVdI/getUpdates "HTTP/1.1 409 Conflict"
2025-07-23 14:14:37,203 - ERROR - Error while getting Updates: Conflict: terminated by other getUpdates request; make sure that only one bot instance is running
2025-07-23 14:14:37,203 - ERROR - No error handlers are registered, logging exception.
Traceback (most recent call last):
  File "/Volumes/ARIMA/bot-event/venv/lib/python3.9/site-packages/telegram/ext/_updater.py", line 688, in _network_loop_retry
    if not await action_cb():
  File "/Volumes/ARIMA/bot-event/venv/lib/python3.9/site-packages/telegram/ext/_updater.py", line 384, in polling_action_cb
    raise exc
  File "/Volumes/ARIMA/bot-event/venv/lib/python3.9/site-packages/telegram/ext/_updater.py", line 373, in polling_action_cb
    updates = await self.bot.get_updates(
  File "/Volumes/ARIMA/bot-event/venv/lib/python3.9/site-packages/telegram/ext/_extbot.py", line 558, in get_updates
    updates = await super().get_updates(
  File "/Volumes/ARIMA/bot-event/venv/lib/python3.9/site-packages/telegram/_bot.py", line 525, in decorator
    result = await func(self, *args, **kwargs)  # skipcq: PYL-E1102
  File "/Volumes/ARIMA/bot-event/venv/lib/python3.9/site-packages/telegram/_bot.py", line 3584, in get_updates
    await self._post(
  File "/Volumes/ARIMA/bot-event/venv/lib/python3.9/site-packages/telegram/_bot.py", line 613, in _post
    return await self._do_post(
  File "/Volumes/ARIMA/bot-event/venv/lib/python3.9/site-packages/telegram/ext/_extbot.py", line 340, in _do_post
    return await super()._do_post(
  File "/Volumes/ARIMA/bot-event/venv/lib/python3.9/site-packages/telegram/_bot.py", line 641, in _do_post
    return await request.post(
  File "/Volumes/ARIMA/bot-event/venv/lib/python3.9/site-packages/telegram/request/_baserequest.py", line 200, in post
    result = await self._request_wrapper(
  File "/Volumes/ARIMA/bot-event/venv/lib/python3.9/site-packages/telegram/request/_baserequest.py", line 381, in _request_wrapper
    raise Conflict(message)
telegram.error.Conflict: Conflict: terminated by other getUpdates request; make sure that only one bot instance is running
2025-07-23 14:14:43,679 - INFO - HTTP Request: POST https://api.telegram.org/bot8132507132:AAHGCXA_fMWIvjOxkeX9ri_nFifM8HXLVdI/getUpdates "HTTP/1.1 409 Conflict"
2025-07-23 14:14:43,682 - ERROR - Error while getting Updates: Conflict: terminated by other getUpdates request; make sure that only one bot instance is running
2025-07-23 14:14:43,682 - ERROR - No error handlers are registered, logging exception.
Traceback (most recent call last):
  File "/Volumes/ARIMA/bot-event/venv/lib/python3.9/site-packages/telegram/ext/_updater.py", line 688, in _network_loop_retry
    if not await action_cb():
  File "/Volumes/ARIMA/bot-event/venv/lib/python3.9/site-packages/telegram/ext/_updater.py", line 384, in polling_action_cb
    raise exc
  File "/Volumes/ARIMA/bot-event/venv/lib/python3.9/site-packages/telegram/ext/_updater.py", line 373, in polling_action_cb
    updates = await self.bot.get_updates(
  File "/Volumes/ARIMA/bot-event/venv/lib/python3.9/site-packages/telegram/ext/_extbot.py", line 558, in get_updates
    updates = await super().get_updates(
  File "/Volumes/ARIMA/bot-event/venv/lib/python3.9/site-packages/telegram/_bot.py", line 525, in decorator
    result = await func(self, *args, **kwargs)  # skipcq: PYL-E1102
  File "/Volumes/ARIMA/bot-event/venv/lib/python3.9/site-packages/telegram/_bot.py", line 3584, in get_updates
    await self._post(
  File "/Volumes/ARIMA/bot-event/venv/lib/python3.9/site-packages/telegram/_bot.py", line 613, in _post
    return await self._do_post(
  File "/Volumes/ARIMA/bot-event/venv/lib/python3.9/site-packages/telegram/ext/_extbot.py", line 340, in _do_post
    return await super()._do_post(
  File "/Volumes/ARIMA/bot-event/venv/lib/python3.9/site-packages/telegram/_bot.py", line 641, in _do_post
    return await request.post(
  File "/Volumes/ARIMA/bot-event/venv/lib/python3.9/site-packages/telegram/request/_baserequest.py", line 200, in post
    result = await self._request_wrapper(
  File "/Volumes/ARIMA/bot-event/venv/lib/python3.9/site-packages/telegram/request/_baserequest.py", line 381, in _request_wrapper
    raise Conflict(message)
telegram.error.Conflict: Conflict: terminated by other getUpdates request; make sure that only one bot instance is running
2025-07-23 14:14:47,561 - INFO - HTTP Request: POST https://api.telegram.org/bot8132507132:AAHGCXA_fMWIvjOxkeX9ri_nFifM8HXLVdI/getUpdates "HTTP/1.1 200 OK"
2025-07-23 14:14:47,566 - INFO - handle_event_selection: callback_data=event_83 user_id=6834788132 context.user_data={}
2025-07-23 14:14:48,097 - INFO - HTTP Request: POST https://api.telegram.org/bot8132507132:AAHGCXA_fMWIvjOxkeX9ri_nFifM8HXLVdI/answerCallbackQuery "HTTP/1.1 200 OK"
2025-07-23 14:14:48,098 - INFO - [render_event_card] event_id=83, user_id=6834788132, chat_id=-4639146753, is_private=False
2025-07-23 14:14:48,099 - INFO - [render_event_card] creator_id=398783184, ADMIN_ID=398783184
2025-07-23 14:14:48,104 - INFO - [render_event_card] show_admin_buttons=False (user_id=6834788132, creator_id=398783184, ADMIN_ID=398783184, is_private=False)
2025-07-23 14:14:48,268 - INFO - HTTP Request: POST https://api.telegram.org/bot8132507132:AAHGCXA_fMWIvjOxkeX9ri_nFifM8HXLVdI/editMessageText "HTTP/1.1 400 Bad Request"
2025-07-23 14:14:50,744 - INFO - HTTP Request: POST https://api.telegram.org/bot8132507132:AAHGCXA_fMWIvjOxkeX9ri_nFifM8HXLVdI/getUpdates "HTTP/1.1 409 Conflict"
2025-07-23 14:14:50,760 - ERROR - Error while getting Updates: Conflict: terminated by other getUpdates request; make sure that only one bot instance is running
2025-07-23 14:14:50,760 - ERROR - No error handlers are registered, logging exception.
Traceback (most recent call last):
  File "/Volumes/ARIMA/bot-event/venv/lib/python3.9/site-packages/telegram/ext/_updater.py", line 688, in _network_loop_retry
    if not await action_cb():
  File "/Volumes/ARIMA/bot-event/venv/lib/python3.9/site-packages/telegram/ext/_updater.py", line 384, in polling_action_cb
    raise exc
  File "/Volumes/ARIMA/bot-event/venv/lib/python3.9/site-packages/telegram/ext/_updater.py", line 373, in polling_action_cb
    updates = await self.bot.get_updates(
  File "/Volumes/ARIMA/bot-event/venv/lib/python3.9/site-packages/telegram/ext/_extbot.py", line 558, in get_updates
    updates = await super().get_updates(
  File "/Volumes/ARIMA/bot-event/venv/lib/python3.9/site-packages/telegram/_bot.py", line 525, in decorator
    result = await func(self, *args, **kwargs)  # skipcq: PYL-E1102
  File "/Volumes/ARIMA/bot-event/venv/lib/python3.9/site-packages/telegram/_bot.py", line 3584, in get_updates
    await self._post(
  File "/Volumes/ARIMA/bot-event/venv/lib/python3.9/site-packages/telegram/_bot.py", line 613, in _post
    return await self._do_post(
  File "/Volumes/ARIMA/bot-event/venv/lib/python3.9/site-packages/telegram/ext/_extbot.py", line 340, in _do_post
    return await super()._do_post(
  File "/Volumes/ARIMA/bot-event/venv/lib/python3.9/site-packages/telegram/_bot.py", line 641, in _do_post
    return await request.post(
  File "/Volumes/ARIMA/bot-event/venv/lib/python3.9/site-packages/telegram/request/_baserequest.py", line 200, in post
    result = await self._request_wrapper(
  File "/Volumes/ARIMA/bot-event/venv/lib/python3.9/site-packages/telegram/request/_baserequest.py", line 381, in _request_wrapper
    raise Conflict(message)
telegram.error.Conflict: Conflict: terminated by other getUpdates request; make sure that only one bot instance is running
2025-07-23 14:14:55,479 - INFO - HTTP Request: POST https://api.telegram.org/bot8132507132:AAHGCXA_fMWIvjOxkeX9ri_nFifM8HXLVdI/getUpdates "HTTP/1.1 409 Conflict"
2025-07-23 14:14:55,484 - ERROR - Error while getting Updates: Conflict: terminated by other getUpdates request; make sure that only one bot instance is running
2025-07-23 14:14:55,484 - ERROR - No error handlers are registered, logging exception.
Traceback (most recent call last):
  File "/Volumes/ARIMA/bot-event/venv/lib/python3.9/site-packages/telegram/ext/_updater.py", line 688, in _network_loop_retry
    if not await action_cb():
  File "/Volumes/ARIMA/bot-event/venv/lib/python3.9/site-packages/telegram/ext/_updater.py", line 384, in polling_action_cb
    raise exc
  File "/Volumes/ARIMA/bot-event/venv/lib/python3.9/site-packages/telegram/ext/_updater.py", line 373, in polling_action_cb
    updates = await self.bot.get_updates(
  File "/Volumes/ARIMA/bot-event/venv/lib/python3.9/site-packages/telegram/ext/_extbot.py", line 558, in get_updates
    updates = await super().get_updates(
  File "/Volumes/ARIMA/bot-event/venv/lib/python3.9/site-packages/telegram/_bot.py", line 525, in decorator
    result = await func(self, *args, **kwargs)  # skipcq: PYL-E1102
  File "/Volumes/ARIMA/bot-event/venv/lib/python3.9/site-packages/telegram/_bot.py", line 3584, in get_updates
    await self._post(
  File "/Volumes/ARIMA/bot-event/venv/lib/python3.9/site-packages/telegram/_bot.py", line 613, in _post
    return await self._do_post(
  File "/Volumes/ARIMA/bot-event/venv/lib/python3.9/site-packages/telegram/ext/_extbot.py", line 340, in _do_post
    return await super()._do_post(
  File "/Volumes/ARIMA/bot-event/venv/lib/python3.9/site-packages/telegram/_bot.py", line 641, in _do_post
    return await request.post(
  File "/Volumes/ARIMA/bot-event/venv/lib/python3.9/site-packages/telegram/request/_baserequest.py", line 200, in post
    result = await self._request_wrapper(
  File "/Volumes/ARIMA/bot-event/venv/lib/python3.9/site-packages/telegram/request/_baserequest.py", line 381, in _request_wrapper
    raise Conflict(message)
telegram.error.Conflict: Conflict: terminated by other getUpdates request; make sure that only one bot instance is running
2025-07-23 14:15:00,335 - INFO - HTTP Request: POST https://api.telegram.org/bot8132507132:AAHGCXA_fMWIvjOxkeX9ri_nFifM8HXLVdI/getUpdates "HTTP/1.1 409 Conflict"
2025-07-23 14:15:00,350 - ERROR - Error while getting Updates: Conflict: terminated by other getUpdates request; make sure that only one bot instance is running
2025-07-23 14:15:00,350 - ERROR - No error handlers are registered, logging exception.
Traceback (most recent call last):
  File "/Volumes/ARIMA/bot-event/venv/lib/python3.9/site-packages/telegram/ext/_updater.py", line 688, in _network_loop_retry
    if not await action_cb():
  File "/Volumes/ARIMA/bot-event/venv/lib/python3.9/site-packages/telegram/ext/_updater.py", line 384, in polling_action_cb
    raise exc
  File "/Volumes/ARIMA/bot-event/venv/lib/python3.9/site-packages/telegram/ext/_updater.py", line 373, in polling_action_cb
    updates = await self.bot.get_updates(
  File "/Volumes/ARIMA/bot-event/venv/lib/python3.9/site-packages/telegram/ext/_extbot.py", line 558, in get_updates
    updates = await super().get_updates(
  File "/Volumes/ARIMA/bot-event/venv/lib/python3.9/site-packages/telegram/_bot.py", line 525, in decorator
    result = await func(self, *args, **kwargs)  # skipcq: PYL-E1102
  File "/Volumes/ARIMA/bot-event/venv/lib/python3.9/site-packages/telegram/_bot.py", line 3584, in get_updates
    await self._post(
  File "/Volumes/ARIMA/bot-event/venv/lib/python3.9/site-packages/telegram/_bot.py", line 613, in _post
    return await self._do_post(
  File "/Volumes/ARIMA/bot-event/venv/lib/python3.9/site-packages/telegram/ext/_extbot.py", line 340, in _do_post
    return await super()._do_post(
  File "/Volumes/ARIMA/bot-event/venv/lib/python3.9/site-packages/telegram/_bot.py", line 641, in _do_post
    return await request.post(
  File "/Volumes/ARIMA/bot-event/venv/lib/python3.9/site-packages/telegram/request/_baserequest.py", line 200, in post
    result = await self._request_wrapper(
  File "/Volumes/ARIMA/bot-event/venv/lib/python3.9/site-packages/telegram/request/_baserequest.py", line 381, in _request_wrapper
    raise Conflict(message)
telegram.error.Conflict: Conflict: terminated by other getUpdates request; make sure that only one bot instance is running
2025-07-23 14:15:06,436 - INFO - HTTP Request: POST https://api.telegram.org/bot8132507132:AAHGCXA_fMWIvjOxkeX9ri_nFifM8HXLVdI/getUpdates "HTTP/1.1 409 Conflict"
2025-07-23 14:15:06,437 - ERROR - Error while getting Updates: Conflict: terminated by other getUpdates request; make sure that only one bot instance is running
2025-07-23 14:15:06,437 - ERROR - No error handlers are registered, logging exception.
Traceback (most recent call last):
  File "/Volumes/ARIMA/bot-event/venv/lib/python3.9/site-packages/telegram/ext/_updater.py", line 688, in _network_loop_retry
    if not await action_cb():
  File "/Volumes/ARIMA/bot-event/venv/lib/python3.9/site-packages/telegram/ext/_updater.py", line 384, in polling_action_cb
    raise exc
  File "/Volumes/ARIMA/bot-event/venv/lib/python3.9/site-packages/telegram/ext/_updater.py", line 373, in polling_action_cb
    updates = await self.bot.get_updates(
  File "/Volumes/ARIMA/bot-event/venv/lib/python3.9/site-packages/telegram/ext/_extbot.py", line 558, in get_updates
    updates = await super().get_updates(
  File "/Volumes/ARIMA/bot-event/venv/lib/python3.9/site-packages/telegram/_bot.py", line 525, in decorator
    result = await func(self, *args, **kwargs)  # skipcq: PYL-E1102
  File "/Volumes/ARIMA/bot-event/venv/lib/python3.9/site-packages/telegram/_bot.py", line 3584, in get_updates
    await self._post(
  File "/Volumes/ARIMA/bot-event/venv/lib/python3.9/site-packages/telegram/_bot.py", line 613, in _post
    return await self._do_post(
  File "/Volumes/ARIMA/bot-event/venv/lib/python3.9/site-packages/telegram/ext/_extbot.py", line 340, in _do_post
    return await super()._do_post(
  File "/Volumes/ARIMA/bot-event/venv/lib/python3.9/site-packages/telegram/_bot.py", line 641, in _do_post
    return await request.post(
  File "/Volumes/ARIMA/bot-event/venv/lib/python3.9/site-packages/telegram/request/_baserequest.py", line 200, in post
    result = await self._request_wrapper(
  File "/Volumes/ARIMA/bot-event/venv/lib/python3.9/site-packages/telegram/request/_baserequest.py", line 381, in _request_wrapper
    raise Conflict(message)
telegram.error.Conflict: Conflict: terminated by other getUpdates request; make sure that only one bot instance is running
2025-07-23 14:15:14,039 - INFO - HTTP Request: POST https://api.telegram.org/bot8132507132:AAHGCXA_fMWIvjOxkeX9ri_nFifM8HXLVdI/getUpdates "HTTP/1.1 409 Conflict"
2025-07-23 14:15:14,043 - ERROR - Error while getting Updates: Conflict: terminated by other getUpdates request; make sure that only one bot instance is running
2025-07-23 14:15:14,043 - ERROR - No error handlers are registered, logging exception.
Traceback (most recent call last):
  File "/Volumes/ARIMA/bot-event/venv/lib/python3.9/site-packages/telegram/ext/_updater.py", line 688, in _network_loop_retry
    if not await action_cb():
  File "/Volumes/ARIMA/bot-event/venv/lib/python3.9/site-packages/telegram/ext/_updater.py", line 384, in polling_action_cb
    raise exc
  File "/Volumes/ARIMA/bot-event/venv/lib/python3.9/site-packages/telegram/ext/_updater.py", line 373, in polling_action_cb
    updates = await self.bot.get_updates(
  File "/Volumes/ARIMA/bot-event/venv/lib/python3.9/site-packages/telegram/ext/_extbot.py", line 558, in get_updates
    updates = await super().get_updates(
  File "/Volumes/ARIMA/bot-event/venv/lib/python3.9/site-packages/telegram/_bot.py", line 525, in decorator
    result = await func(self, *args, **kwargs)  # skipcq: PYL-E1102
  File "/Volumes/ARIMA/bot-event/venv/lib/python3.9/site-packages/telegram/_bot.py", line 3584, in get_updates
    await self._post(
  File "/Volumes/ARIMA/bot-event/venv/lib/python3.9/site-packages/telegram/_bot.py", line 613, in _post
    return await self._do_post(
  File "/Volumes/ARIMA/bot-event/venv/lib/python3.9/site-packages/telegram/ext/_extbot.py", line 340, in _do_post
    return await super()._do_post(
  File "/Volumes/ARIMA/bot-event/venv/lib/python3.9/site-packages/telegram/_bot.py", line 641, in _do_post
    return await request.post(
  File "/Volumes/ARIMA/bot-event/venv/lib/python3.9/site-packages/telegram/request/_baserequest.py", line 200, in post
    result = await self._request_wrapper(
  File "/Volumes/ARIMA/bot-event/venv/lib/python3.9/site-packages/telegram/request/_baserequest.py", line 381, in _request_wrapper
    raise Conflict(message)
telegram.error.Conflict: Conflict: terminated by other getUpdates request; make sure that only one bot instance is running
2025-07-23 14:15:25,681 - INFO - HTTP Request: POST https://api.telegram.org/bot8132507132:AAHGCXA_fMWIvjOxkeX9ri_nFifM8HXLVdI/getUpdates "HTTP/1.1 409 Conflict"
2025-07-23 14:15:25,682 - ERROR - Error while getting Updates: Conflict: terminated by other getUpdates request; make sure that only one bot instance is running
2025-07-23 14:15:25,682 - ERROR - No error handlers are registered, logging exception.
Traceback (most recent call last):
  File "/Volumes/ARIMA/bot-event/venv/lib/python3.9/site-packages/telegram/ext/_updater.py", line 688, in _network_loop_retry
    if not await action_cb():
  File "/Volumes/ARIMA/bot-event/venv/lib/python3.9/site-packages/telegram/ext/_updater.py", line 384, in polling_action_cb
    raise exc
  File "/Volumes/ARIMA/bot-event/venv/lib/python3.9/site-packages/telegram/ext/_updater.py", line 373, in polling_action_cb
    updates = await self.bot.get_updates(
  File "/Volumes/ARIMA/bot-event/venv/lib/python3.9/site-packages/telegram/ext/_extbot.py", line 558, in get_updates
    updates = await super().get_updates(
  File "/Volumes/ARIMA/bot-event/venv/lib/python3.9/site-packages/telegram/_bot.py", line 525, in decorator
    result = await func(self, *args, **kwargs)  # skipcq: PYL-E1102
  File "/Volumes/ARIMA/bot-event/venv/lib/python3.9/site-packages/telegram/_bot.py", line 3584, in get_updates
    await self._post(
  File "/Volumes/ARIMA/bot-event/venv/lib/python3.9/site-packages/telegram/_bot.py", line 613, in _post
    return await self._do_post(
  File "/Volumes/ARIMA/bot-event/venv/lib/python3.9/site-packages/telegram/ext/_extbot.py", line 340, in _do_post
    return await super()._do_post(
  File "/Volumes/ARIMA/bot-event/venv/lib/python3.9/site-packages/telegram/_bot.py", line 641, in _do_post
    return await request.post(
  File "/Volumes/ARIMA/bot-event/venv/lib/python3.9/site-packages/telegram/request/_baserequest.py", line 200, in post
    result = await self._request_wrapper(
  File "/Volumes/ARIMA/bot-event/venv/lib/python3.9/site-packages/telegram/request/_baserequest.py", line 381, in _request_wrapper
    raise Conflict(message)
telegram.error.Conflict: Conflict: terminated by other getUpdates request; make sure that only one bot instance is running
2025-07-23 14:15:39,566 - INFO - HTTP Request: POST https://api.telegram.org/bot8132507132:AAHGCXA_fMWIvjOxkeX9ri_nFifM8HXLVdI/getUpdates "HTTP/1.1 409 Conflict"
2025-07-23 14:15:39,581 - ERROR - Error while getting Updates: Conflict: terminated by other getUpdates request; make sure that only one bot instance is running
2025-07-23 14:15:39,582 - ERROR - No error handlers are registered, logging exception.
Traceback (most recent call last):
  File "/Volumes/ARIMA/bot-event/venv/lib/python3.9/site-packages/telegram/ext/_updater.py", line 688, in _network_loop_retry
    if not await action_cb():
  File "/Volumes/ARIMA/bot-event/venv/lib/python3.9/site-packages/telegram/ext/_updater.py", line 384, in polling_action_cb
    raise exc
  File "/Volumes/ARIMA/bot-event/venv/lib/python3.9/site-packages/telegram/ext/_updater.py", line 373, in polling_action_cb
    updates = await self.bot.get_updates(
  File "/Volumes/ARIMA/bot-event/venv/lib/python3.9/site-packages/telegram/ext/_extbot.py", line 558, in get_updates
    updates = await super().get_updates(
  File "/Volumes/ARIMA/bot-event/venv/lib/python3.9/site-packages/telegram/_bot.py", line 525, in decorator
    result = await func(self, *args, **kwargs)  # skipcq: PYL-E1102
  File "/Volumes/ARIMA/bot-event/venv/lib/python3.9/site-packages/telegram/_bot.py", line 3584, in get_updates
    await self._post(
  File "/Volumes/ARIMA/bot-event/venv/lib/python3.9/site-packages/telegram/_bot.py", line 613, in _post
    return await self._do_post(
  File "/Volumes/ARIMA/bot-event/venv/lib/python3.9/site-packages/telegram/ext/_extbot.py", line 340, in _do_post
    return await super()._do_post(
  File "/Volumes/ARIMA/bot-event/venv/lib/python3.9/site-packages/telegram/_bot.py", line 641, in _do_post
    return await request.post(
  File "/Volumes/ARIMA/bot-event/venv/lib/python3.9/site-packages/telegram/request/_baserequest.py", line 200, in post
    result = await self._request_wrapper(
  File "/Volumes/ARIMA/bot-event/venv/lib/python3.9/site-packages/telegram/request/_baserequest.py", line 381, in _request_wrapper
    raise Conflict(message)
telegram.error.Conflict: Conflict: terminated by other getUpdates request; make sure that only one bot instance is running
2025-07-23 14:15:55,514 - INFO - HTTP Request: POST https://api.telegram.org/bot8132507132:AAHGCXA_fMWIvjOxkeX9ri_nFifM8HXLVdI/getUpdates "HTTP/1.1 409 Conflict"
2025-07-23 14:15:55,530 - ERROR - Error while getting Updates: Conflict: terminated by other getUpdates request; make sure that only one bot instance is running
2025-07-23 14:15:55,530 - ERROR - No error handlers are registered, logging exception.
Traceback (most recent call last):
  File "/Volumes/ARIMA/bot-event/venv/lib/python3.9/site-packages/telegram/ext/_updater.py", line 688, in _network_loop_retry
    if not await action_cb():
  File "/Volumes/ARIMA/bot-event/venv/lib/python3.9/site-packages/telegram/ext/_updater.py", line 384, in polling_action_cb
    raise exc
  File "/Volumes/ARIMA/bot-event/venv/lib/python3.9/site-packages/telegram/ext/_updater.py", line 373, in polling_action_cb
    updates = await self.bot.get_updates(
  File "/Volumes/ARIMA/bot-event/venv/lib/python3.9/site-packages/telegram/ext/_extbot.py", line 558, in get_updates
    updates = await super().get_updates(
  File "/Volumes/ARIMA/bot-event/venv/lib/python3.9/site-packages/telegram/_bot.py", line 525, in decorator
    result = await func(self, *args, **kwargs)  # skipcq: PYL-E1102
  File "/Volumes/ARIMA/bot-event/venv/lib/python3.9/site-packages/telegram/_bot.py", line 3584, in get_updates
    await self._post(
  File "/Volumes/ARIMA/bot-event/venv/lib/python3.9/site-packages/telegram/_bot.py", line 613, in _post
    return await self._do_post(
  File "/Volumes/ARIMA/bot-event/venv/lib/python3.9/site-packages/telegram/ext/_extbot.py", line 340, in _do_post
    return await super()._do_post(
  File "/Volumes/ARIMA/bot-event/venv/lib/python3.9/site-packages/telegram/_bot.py", line 641, in _do_post
    return await request.post(
  File "/Volumes/ARIMA/bot-event/venv/lib/python3.9/site-packages/telegram/request/_baserequest.py", line 200, in post
    result = await self._request_wrapper(
  File "/Volumes/ARIMA/bot-event/venv/lib/python3.9/site-packages/telegram/request/_baserequest.py", line 381, in _request_wrapper
    raise Conflict(message)
telegram.error.Conflict: Conflict: terminated by other getUpdates request; make sure that only one bot instance is running
2025-07-23 14:16:18,465 - INFO - HTTP Request: POST https://api.telegram.org/bot8132507132:AAHGCXA_fMWIvjOxkeX9ri_nFifM8HXLVdI/getUpdates "HTTP/1.1 409 Conflict"
2025-07-23 14:16:18,481 - ERROR - Error while getting Updates: Conflict: terminated by other getUpdates request; make sure that only one bot instance is running
2025-07-23 14:16:18,481 - ERROR - No error handlers are registered, logging exception.
Traceback (most recent call last):
  File "/Volumes/ARIMA/bot-event/venv/lib/python3.9/site-packages/telegram/ext/_updater.py", line 688, in _network_loop_retry
    if not await action_cb():
  File "/Volumes/ARIMA/bot-event/venv/lib/python3.9/site-packages/telegram/ext/_updater.py", line 384, in polling_action_cb
    raise exc
  File "/Volumes/ARIMA/bot-event/venv/lib/python3.9/site-packages/telegram/ext/_updater.py", line 373, in polling_action_cb
    updates = await self.bot.get_updates(
  File "/Volumes/ARIMA/bot-event/venv/lib/python3.9/site-packages/telegram/ext/_extbot.py", line 558, in get_updates
    updates = await super().get_updates(
  File "/Volumes/ARIMA/bot-event/venv/lib/python3.9/site-packages/telegram/_bot.py", line 525, in decorator
    result = await func(self, *args, **kwargs)  # skipcq: PYL-E1102
  File "/Volumes/ARIMA/bot-event/venv/lib/python3.9/site-packages/telegram/_bot.py", line 3584, in get_updates
    await self._post(
  File "/Volumes/ARIMA/bot-event/venv/lib/python3.9/site-packages/telegram/_bot.py", line 613, in _post
    return await self._do_post(
  File "/Volumes/ARIMA/bot-event/venv/lib/python3.9/site-packages/telegram/ext/_extbot.py", line 340, in _do_post
    return await super()._do_post(
  File "/Volumes/ARIMA/bot-event/venv/lib/python3.9/site-packages/telegram/_bot.py", line 641, in _do_post
    return await request.post(
  File "/Volumes/ARIMA/bot-event/venv/lib/python3.9/site-packages/telegram/request/_baserequest.py", line 200, in post
    result = await self._request_wrapper(
  File "/Volumes/ARIMA/bot-event/venv/lib/python3.9/site-packages/telegram/request/_baserequest.py", line 381, in _request_wrapper
    raise Conflict(message)
telegram.error.Conflict: Conflict: terminated by other getUpdates request; make sure that only one bot instance is running
2025-07-23 14:16:48,943 - INFO - HTTP Request: POST https://api.telegram.org/bot8132507132:AAHGCXA_fMWIvjOxkeX9ri_nFifM8HXLVdI/getUpdates "HTTP/1.1 409 Conflict"
2025-07-23 14:16:48,958 - ERROR - Error while getting Updates: Conflict: terminated by other getUpdates request; make sure that only one bot instance is running
2025-07-23 14:16:48,958 - ERROR - No error handlers are registered, logging exception.
Traceback (most recent call last):
  File "/Volumes/ARIMA/bot-event/venv/lib/python3.9/site-packages/telegram/ext/_updater.py", line 688, in _network_loop_retry
    if not await action_cb():
  File "/Volumes/ARIMA/bot-event/venv/lib/python3.9/site-packages/telegram/ext/_updater.py", line 384, in polling_action_cb
    raise exc
  File "/Volumes/ARIMA/bot-event/venv/lib/python3.9/site-packages/telegram/ext/_updater.py", line 373, in polling_action_cb
    updates = await self.bot.get_updates(
  File "/Volumes/ARIMA/bot-event/venv/lib/python3.9/site-packages/telegram/ext/_extbot.py", line 558, in get_updates
    updates = await super().get_updates(
  File "/Volumes/ARIMA/bot-event/venv/lib/python3.9/site-packages/telegram/_bot.py", line 525, in decorator
    result = await func(self, *args, **kwargs)  # skipcq: PYL-E1102
  File "/Volumes/ARIMA/bot-event/venv/lib/python3.9/site-packages/telegram/_bot.py", line 3584, in get_updates
    await self._post(
  File "/Volumes/ARIMA/bot-event/venv/lib/python3.9/site-packages/telegram/_bot.py", line 613, in _post
    return await self._do_post(
  File "/Volumes/ARIMA/bot-event/venv/lib/python3.9/site-packages/telegram/ext/_extbot.py", line 340, in _do_post
    return await super()._do_post(
  File "/Volumes/ARIMA/bot-event/venv/lib/python3.9/site-packages/telegram/_bot.py", line 641, in _do_post
    return await request.post(
  File "/Volumes/ARIMA/bot-event/venv/lib/python3.9/site-packages/telegram/request/_baserequest.py", line 200, in post
    result = await self._request_wrapper(
  File "/Volumes/ARIMA/bot-event/venv/lib/python3.9/site-packages/telegram/request/_baserequest.py", line 381, in _request_wrapper
    raise Conflict(message)
telegram.error.Conflict: Conflict: terminated by other getUpdates request; make sure that only one bot instance is running
2025-07-23 14:17:23,548 - INFO - HTTP Request: POST https://api.telegram.org/bot8132507132:AAHGCXA_fMWIvjOxkeX9ri_nFifM8HXLVdI/getUpdates "HTTP/1.1 409 Conflict"
2025-07-23 14:17:23,551 - ERROR - Error while getting Updates: Conflict: terminated by other getUpdates request; make sure that only one bot instance is running
2025-07-23 14:17:23,552 - ERROR - No error handlers are registered, logging exception.
Traceback (most recent call last):
  File "/Volumes/ARIMA/bot-event/venv/lib/python3.9/site-packages/telegram/ext/_updater.py", line 688, in _network_loop_retry
    if not await action_cb():
  File "/Volumes/ARIMA/bot-event/venv/lib/python3.9/site-packages/telegram/ext/_updater.py", line 384, in polling_action_cb
    raise exc
  File "/Volumes/ARIMA/bot-event/venv/lib/python3.9/site-packages/telegram/ext/_updater.py", line 373, in polling_action_cb
    updates = await self.bot.get_updates(
  File "/Volumes/ARIMA/bot-event/venv/lib/python3.9/site-packages/telegram/ext/_extbot.py", line 558, in get_updates
    updates = await super().get_updates(
  File "/Volumes/ARIMA/bot-event/venv/lib/python3.9/site-packages/telegram/_bot.py", line 525, in decorator
    result = await func(self, *args, **kwargs)  # skipcq: PYL-E1102
  File "/Volumes/ARIMA/bot-event/venv/lib/python3.9/site-packages/telegram/_bot.py", line 3584, in get_updates
    await self._post(
  File "/Volumes/ARIMA/bot-event/venv/lib/python3.9/site-packages/telegram/_bot.py", line 613, in _post
    return await self._do_post(
  File "/Volumes/ARIMA/bot-event/venv/lib/python3.9/site-packages/telegram/ext/_extbot.py", line 340, in _do_post
    return await super()._do_post(
  File "/Volumes/ARIMA/bot-event/venv/lib/python3.9/site-packages/telegram/_bot.py", line 641, in _do_post
    return await request.post(
  File "/Volumes/ARIMA/bot-event/venv/lib/python3.9/site-packages/telegram/request/_baserequest.py", line 200, in post
    result = await self._request_wrapper(
  File "/Volumes/ARIMA/bot-event/venv/lib/python3.9/site-packages/telegram/request/_baserequest.py", line 381, in _request_wrapper
    raise Conflict(message)
telegram.error.Conflict: Conflict: terminated by other getUpdates request; make sure that only one bot instance is running
2025-07-23 14:17:58,137 - INFO - HTTP Request: POST https://api.telegram.org/bot8132507132:AAHGCXA_fMWIvjOxkeX9ri_nFifM8HXLVdI/getUpdates "HTTP/1.1 409 Conflict"
2025-07-23 14:17:58,153 - ERROR - Error while getting Updates: Conflict: terminated by other getUpdates request; make sure that only one bot instance is running
2025-07-23 14:17:58,154 - ERROR - No error handlers are registered, logging exception.
Traceback (most recent call last):
  File "/Volumes/ARIMA/bot-event/venv/lib/python3.9/site-packages/telegram/ext/_updater.py", line 688, in _network_loop_retry
    if not await action_cb():
  File "/Volumes/ARIMA/bot-event/venv/lib/python3.9/site-packages/telegram/ext/_updater.py", line 384, in polling_action_cb
    raise exc
  File "/Volumes/ARIMA/bot-event/venv/lib/python3.9/site-packages/telegram/ext/_updater.py", line 373, in polling_action_cb
    updates = await self.bot.get_updates(
  File "/Volumes/ARIMA/bot-event/venv/lib/python3.9/site-packages/telegram/ext/_extbot.py", line 558, in get_updates
    updates = await super().get_updates(
  File "/Volumes/ARIMA/bot-event/venv/lib/python3.9/site-packages/telegram/_bot.py", line 525, in decorator
    result = await func(self, *args, **kwargs)  # skipcq: PYL-E1102
  File "/Volumes/ARIMA/bot-event/venv/lib/python3.9/site-packages/telegram/_bot.py", line 3584, in get_updates
    await self._post(
  File "/Volumes/ARIMA/bot-event/venv/lib/python3.9/site-packages/telegram/_bot.py", line 613, in _post
    return await self._do_post(
  File "/Volumes/ARIMA/bot-event/venv/lib/python3.9/site-packages/telegram/ext/_extbot.py", line 340, in _do_post
    return await super()._do_post(
  File "/Volumes/ARIMA/bot-event/venv/lib/python3.9/site-packages/telegram/_bot.py", line 641, in _do_post
    return await request.post(
  File "/Volumes/ARIMA/bot-event/venv/lib/python3.9/site-packages/telegram/request/_baserequest.py", line 200, in post
    result = await self._request_wrapper(
  File "/Volumes/ARIMA/bot-event/venv/lib/python3.9/site-packages/telegram/request/_baserequest.py", line 381, in _request_wrapper
    raise Conflict(message)
telegram.error.Conflict: Conflict: terminated by other getUpdates request; make sure that only one bot instance is running
2025-07-23 14:18:32,775 - INFO - HTTP Request: POST https://api.telegram.org/bot8132507132:AAHGCXA_fMWIvjOxkeX9ri_nFifM8HXLVdI/getUpdates "HTTP/1.1 409 Conflict"
2025-07-23 14:18:32,778 - ERROR - Error while getting Updates: Conflict: terminated by other getUpdates request; make sure that only one bot instance is running
2025-07-23 14:18:32,778 - ERROR - No error handlers are registered, logging exception.
Traceback (most recent call last):
  File "/Volumes/ARIMA/bot-event/venv/lib/python3.9/site-packages/telegram/ext/_updater.py", line 688, in _network_loop_retry
    if not await action_cb():
  File "/Volumes/ARIMA/bot-event/venv/lib/python3.9/site-packages/telegram/ext/_updater.py", line 384, in polling_action_cb
    raise exc
  File "/Volumes/ARIMA/bot-event/venv/lib/python3.9/site-packages/telegram/ext/_updater.py", line 373, in polling_action_cb
    updates = await self.bot.get_updates(
  File "/Volumes/ARIMA/bot-event/venv/lib/python3.9/site-packages/telegram/ext/_extbot.py", line 558, in get_updates
    updates = await super().get_updates(
  File "/Volumes/ARIMA/bot-event/venv/lib/python3.9/site-packages/telegram/_bot.py", line 525, in decorator
    result = await func(self, *args, **kwargs)  # skipcq: PYL-E1102
  File "/Volumes/ARIMA/bot-event/venv/lib/python3.9/site-packages/telegram/_bot.py", line 3584, in get_updates
    await self._post(
  File "/Volumes/ARIMA/bot-event/venv/lib/python3.9/site-packages/telegram/_bot.py", line 613, in _post
    return await self._do_post(
  File "/Volumes/ARIMA/bot-event/venv/lib/python3.9/site-packages/telegram/ext/_extbot.py", line 340, in _do_post
    return await super()._do_post(
  File "/Volumes/ARIMA/bot-event/venv/lib/python3.9/site-packages/telegram/_bot.py", line 641, in _do_post
    return await request.post(
  File "/Volumes/ARIMA/bot-event/venv/lib/python3.9/site-packages/telegram/request/_baserequest.py", line 200, in post
    result = await self._request_wrapper(
  File "/Volumes/ARIMA/bot-event/venv/lib/python3.9/site-packages/telegram/request/_baserequest.py", line 381, in _request_wrapper
    raise Conflict(message)
telegram.error.Conflict: Conflict: terminated by other getUpdates request; make sure that only one bot instance is running
Traceback (most recent call last):
  File "/Volumes/ARIMA/bot-event/event_voting_bot/bot.py", line 5, in <module>
    from event_voting_bot.database import Database
ModuleNotFoundError: No module named 'event_voting_bot'
2025-07-23 14:19:03,640 - INFO - HTTP Request: POST https://api.telegram.org/bot8132507132:AAHGCXA_fMWIvjOxkeX9ri_nFifM8HXLVdI/getUpdates "HTTP/1.1 200 OK"
2025-07-23 14:19:03,645 - INFO - handle_event_selection: callback_data=vote_yes_83 user_id=6834788132 context.user_data={}
2025-07-23 14:19:04,403 - INFO - HTTP Request: POST https://api.telegram.org/bot8132507132:AAHGCXA_fMWIvjOxkeX9ri_nFifM8HXLVdI/answerCallbackQuery "HTTP/1.1 200 OK"
2025-07-23 14:19:04,405 - INFO - get_event_for_user_or_admin: db.get_event(83, 6834788132) -> None
2025-07-23 14:19:04,406 - INFO - get_event_for_user_or_admin: SELECT ... FROM events WHERE id=83 -> (83, 'Встреча друзей 5', '', 398783184, '2025-08-01', 13, '2025-07-23 11:14:17', -4639146753)
2025-07-23 14:19:04,569 - INFO - HTTP Request: POST https://api.telegram.org/bot8132507132:AAHGCXA_fMWIvjOxkeX9ri_nFifM8HXLVdI/answerCallbackQuery "HTTP/1.1 200 OK"
2025-07-23 14:19:07,448 - INFO - HTTP Request: POST https://api.telegram.org/bot8132507132:AAHGCXA_fMWIvjOxkeX9ri_nFifM8HXLVdI/getUpdates "HTTP/1.1 409 Conflict"
2025-07-23 14:19:07,449 - ERROR - Error while getting Updates: Conflict: terminated by other getUpdates request; make sure that only one bot instance is running
2025-07-23 14:19:07,449 - ERROR - No error handlers are registered, logging exception.
Traceback (most recent call last):
  File "/Volumes/ARIMA/bot-event/venv/lib/python3.9/site-packages/telegram/ext/_updater.py", line 688, in _network_loop_retry
    if not await action_cb():
  File "/Volumes/ARIMA/bot-event/venv/lib/python3.9/site-packages/telegram/ext/_updater.py", line 384, in polling_action_cb
    raise exc
  File "/Volumes/ARIMA/bot-event/venv/lib/python3.9/site-packages/telegram/ext/_updater.py", line 373, in polling_action_cb
    updates = await self.bot.get_updates(
  File "/Volumes/ARIMA/bot-event/venv/lib/python3.9/site-packages/telegram/ext/_extbot.py", line 558, in get_updates
    updates = await super().get_updates(
  File "/Volumes/ARIMA/bot-event/venv/lib/python3.9/site-packages/telegram/_bot.py", line 525, in decorator
    result = await func(self, *args, **kwargs)  # skipcq: PYL-E1102
  File "/Volumes/ARIMA/bot-event/venv/lib/python3.9/site-packages/telegram/_bot.py", line 3584, in get_updates
    await self._post(
  File "/Volumes/ARIMA/bot-event/venv/lib/python3.9/site-packages/telegram/_bot.py", line 613, in _post
    return await self._do_post(
  File "/Volumes/ARIMA/bot-event/venv/lib/python3.9/site-packages/telegram/ext/_extbot.py", line 340, in _do_post
    return await super()._do_post(
  File "/Volumes/ARIMA/bot-event/venv/lib/python3.9/site-packages/telegram/_bot.py", line 641, in _do_post
    return await request.post(
  File "/Volumes/ARIMA/bot-event/venv/lib/python3.9/site-packages/telegram/request/_baserequest.py", line 200, in post
    result = await self._request_wrapper(
  File "/Volumes/ARIMA/bot-event/venv/lib/python3.9/site-packages/telegram/request/_baserequest.py", line 381, in _request_wrapper
    raise Conflict(message)
telegram.error.Conflict: Conflict: terminated by other getUpdates request; make sure that only one bot instance is running
2025-07-23 14:19:08,606 - INFO - HTTP Request: POST https://api.telegram.org/bot8132507132:AAHGCXA_fMWIvjOxkeX9ri_nFifM8HXLVdI/getUpdates "HTTP/1.1 200 OK"
2025-07-23 14:19:08,609 - INFO - handle_event_selection: callback_data=vote_yes_83 user_id=6834788132 context.user_data={}
2025-07-23 14:19:08,856 - INFO - HTTP Request: POST https://api.telegram.org/bot8132507132:AAHGCXA_fMWIvjOxkeX9ri_nFifM8HXLVdI/answerCallbackQuery "HTTP/1.1 200 OK"
2025-07-23 14:19:08,859 - INFO - get_event_for_user_or_admin: db.get_event(83, 6834788132) -> None
2025-07-23 14:19:08,859 - INFO - get_event_for_user_or_admin: SELECT ... FROM events WHERE id=83 -> (83, 'Встреча друзей 5', '', 398783184, '2025-08-01', 13, '2025-07-23 11:14:17', -4639146753)
2025-07-23 14:19:09,050 - INFO - HTTP Request: POST https://api.telegram.org/bot8132507132:AAHGCXA_fMWIvjOxkeX9ri_nFifM8HXLVdI/answerCallbackQuery "HTTP/1.1 200 OK"
2025-07-23 14:19:12,875 - INFO - HTTP Request: POST https://api.telegram.org/bot8132507132:AAHGCXA_fMWIvjOxkeX9ri_nFifM8HXLVdI/getUpdates "HTTP/1.1 409 Conflict"
2025-07-23 14:19:12,888 - ERROR - Error while getting Updates: Conflict: terminated by other getUpdates request; make sure that only one bot instance is running
2025-07-23 14:19:12,888 - ERROR - No error handlers are registered, logging exception.
Traceback (most recent call last):
  File "/Volumes/ARIMA/bot-event/venv/lib/python3.9/site-packages/telegram/ext/_updater.py", line 688, in _network_loop_retry
    if not await action_cb():
  File "/Volumes/ARIMA/bot-event/venv/lib/python3.9/site-packages/telegram/ext/_updater.py", line 384, in polling_action_cb
    raise exc
  File "/Volumes/ARIMA/bot-event/venv/lib/python3.9/site-packages/telegram/ext/_updater.py", line 373, in polling_action_cb
    updates = await self.bot.get_updates(
  File "/Volumes/ARIMA/bot-event/venv/lib/python3.9/site-packages/telegram/ext/_extbot.py", line 558, in get_updates
    updates = await super().get_updates(
  File "/Volumes/ARIMA/bot-event/venv/lib/python3.9/site-packages/telegram/_bot.py", line 525, in decorator
    result = await func(self, *args, **kwargs)  # skipcq: PYL-E1102
  File "/Volumes/ARIMA/bot-event/venv/lib/python3.9/site-packages/telegram/_bot.py", line 3584, in get_updates
    await self._post(
  File "/Volumes/ARIMA/bot-event/venv/lib/python3.9/site-packages/telegram/_bot.py", line 613, in _post
    return await self._do_post(
  File "/Volumes/ARIMA/bot-event/venv/lib/python3.9/site-packages/telegram/ext/_extbot.py", line 340, in _do_post
    return await super()._do_post(
  File "/Volumes/ARIMA/bot-event/venv/lib/python3.9/site-packages/telegram/_bot.py", line 641, in _do_post
    return await request.post(
  File "/Volumes/ARIMA/bot-event/venv/lib/python3.9/site-packages/telegram/request/_baserequest.py", line 200, in post
    result = await self._request_wrapper(
  File "/Volumes/ARIMA/bot-event/venv/lib/python3.9/site-packages/telegram/request/_baserequest.py", line 381, in _request_wrapper
    raise Conflict(message)
telegram.error.Conflict: Conflict: terminated by other getUpdates request; make sure that only one bot instance is running
2025-07-23 14:19:17,509 - INFO - HTTP Request: POST https://api.telegram.org/bot8132507132:AAHGCXA_fMWIvjOxkeX9ri_nFifM8HXLVdI/getUpdates "HTTP/1.1 409 Conflict"
2025-07-23 14:19:17,509 - ERROR - Error while getting Updates: Conflict: terminated by other getUpdates request; make sure that only one bot instance is running
2025-07-23 14:19:17,509 - ERROR - No error handlers are registered, logging exception.
Traceback (most recent call last):
  File "/Volumes/ARIMA/bot-event/venv/lib/python3.9/site-packages/telegram/ext/_updater.py", line 688, in _network_loop_retry
    if not await action_cb():
  File "/Volumes/ARIMA/bot-event/venv/lib/python3.9/site-packages/telegram/ext/_updater.py", line 384, in polling_action_cb
    raise exc
  File "/Volumes/ARIMA/bot-event/venv/lib/python3.9/site-packages/telegram/ext/_updater.py", line 373, in polling_action_cb
    updates = await self.bot.get_updates(
  File "/Volumes/ARIMA/bot-event/venv/lib/python3.9/site-packages/telegram/ext/_extbot.py", line 558, in get_updates
    updates = await super().get_updates(
  File "/Volumes/ARIMA/bot-event/venv/lib/python3.9/site-packages/telegram/_bot.py", line 525, in decorator
    result = await func(self, *args, **kwargs)  # skipcq: PYL-E1102
  File "/Volumes/ARIMA/bot-event/venv/lib/python3.9/site-packages/telegram/_bot.py", line 3584, in get_updates
    await self._post(
  File "/Volumes/ARIMA/bot-event/venv/lib/python3.9/site-packages/telegram/_bot.py", line 613, in _post
    return await self._do_post(
  File "/Volumes/ARIMA/bot-event/venv/lib/python3.9/site-packages/telegram/ext/_extbot.py", line 340, in _do_post
    return await super()._do_post(
  File "/Volumes/ARIMA/bot-event/venv/lib/python3.9/site-packages/telegram/_bot.py", line 641, in _do_post
    return await request.post(
  File "/Volumes/ARIMA/bot-event/venv/lib/python3.9/site-packages/telegram/request/_baserequest.py", line 200, in post
    result = await self._request_wrapper(
  File "/Volumes/ARIMA/bot-event/venv/lib/python3.9/site-packages/telegram/request/_baserequest.py", line 381, in _request_wrapper
    raise Conflict(message)
telegram.error.Conflict: Conflict: terminated by other getUpdates request; make sure that only one bot instance is running
2025-07-23 14:19:23,668 - INFO - HTTP Request: POST https://api.telegram.org/bot8132507132:AAHGCXA_fMWIvjOxkeX9ri_nFifM8HXLVdI/getUpdates "HTTP/1.1 409 Conflict"
2025-07-23 14:19:23,670 - ERROR - Error while getting Updates: Conflict: terminated by other getUpdates request; make sure that only one bot instance is running
2025-07-23 14:19:23,670 - ERROR - No error handlers are registered, logging exception.
Traceback (most recent call last):
  File "/Volumes/ARIMA/bot-event/venv/lib/python3.9/site-packages/telegram/ext/_updater.py", line 688, in _network_loop_retry
    if not await action_cb():
  File "/Volumes/ARIMA/bot-event/venv/lib/python3.9/site-packages/telegram/ext/_updater.py", line 384, in polling_action_cb
    raise exc
  File "/Volumes/ARIMA/bot-event/venv/lib/python3.9/site-packages/telegram/ext/_updater.py", line 373, in polling_action_cb
    updates = await self.bot.get_updates(
  File "/Volumes/ARIMA/bot-event/venv/lib/python3.9/site-packages/telegram/ext/_extbot.py", line 558, in get_updates
    updates = await super().get_updates(
  File "/Volumes/ARIMA/bot-event/venv/lib/python3.9/site-packages/telegram/_bot.py", line 525, in decorator
    result = await func(self, *args, **kwargs)  # skipcq: PYL-E1102
  File "/Volumes/ARIMA/bot-event/venv/lib/python3.9/site-packages/telegram/_bot.py", line 3584, in get_updates
    await self._post(
  File "/Volumes/ARIMA/bot-event/venv/lib/python3.9/site-packages/telegram/_bot.py", line 613, in _post
    return await self._do_post(
  File "/Volumes/ARIMA/bot-event/venv/lib/python3.9/site-packages/telegram/ext/_extbot.py", line 340, in _do_post
    return await super()._do_post(
  File "/Volumes/ARIMA/bot-event/venv/lib/python3.9/site-packages/telegram/_bot.py", line 641, in _do_post
    return await request.post(
  File "/Volumes/ARIMA/bot-event/venv/lib/python3.9/site-packages/telegram/request/_baserequest.py", line 200, in post
    result = await self._request_wrapper(
  File "/Volumes/ARIMA/bot-event/venv/lib/python3.9/site-packages/telegram/request/_baserequest.py", line 381, in _request_wrapper
    raise Conflict(message)
telegram.error.Conflict: Conflict: terminated by other getUpdates request; make sure that only one bot instance is running
2025-07-23 14:19:30,277 - INFO - HTTP Request: POST https://api.telegram.org/bot8132507132:AAHGCXA_fMWIvjOxkeX9ri_nFifM8HXLVdI/getUpdates "HTTP/1.1 409 Conflict"
2025-07-23 14:19:30,292 - ERROR - Error while getting Updates: Conflict: terminated by other getUpdates request; make sure that only one bot instance is running
2025-07-23 14:19:30,292 - ERROR - No error handlers are registered, logging exception.
Traceback (most recent call last):
  File "/Volumes/ARIMA/bot-event/venv/lib/python3.9/site-packages/telegram/ext/_updater.py", line 688, in _network_loop_retry
    if not await action_cb():
  File "/Volumes/ARIMA/bot-event/venv/lib/python3.9/site-packages/telegram/ext/_updater.py", line 384, in polling_action_cb
    raise exc
  File "/Volumes/ARIMA/bot-event/venv/lib/python3.9/site-packages/telegram/ext/_updater.py", line 373, in polling_action_cb
    updates = await self.bot.get_updates(
  File "/Volumes/ARIMA/bot-event/venv/lib/python3.9/site-packages/telegram/ext/_extbot.py", line 558, in get_updates
    updates = await super().get_updates(
  File "/Volumes/ARIMA/bot-event/venv/lib/python3.9/site-packages/telegram/_bot.py", line 525, in decorator
    result = await func(self, *args, **kwargs)  # skipcq: PYL-E1102
  File "/Volumes/ARIMA/bot-event/venv/lib/python3.9/site-packages/telegram/_bot.py", line 3584, in get_updates
    await self._post(
  File "/Volumes/ARIMA/bot-event/venv/lib/python3.9/site-packages/telegram/_bot.py", line 613, in _post
    return await self._do_post(
  File "/Volumes/ARIMA/bot-event/venv/lib/python3.9/site-packages/telegram/ext/_extbot.py", line 340, in _do_post
    return await super()._do_post(
  File "/Volumes/ARIMA/bot-event/venv/lib/python3.9/site-packages/telegram/_bot.py", line 641, in _do_post
    return await request.post(
  File "/Volumes/ARIMA/bot-event/venv/lib/python3.9/site-packages/telegram/request/_baserequest.py", line 200, in post
    result = await self._request_wrapper(
  File "/Volumes/ARIMA/bot-event/venv/lib/python3.9/site-packages/telegram/request/_baserequest.py", line 381, in _request_wrapper
    raise Conflict(message)
telegram.error.Conflict: Conflict: terminated by other getUpdates request; make sure that only one bot instance is running
2025-07-23 14:19:37,267 - INFO - HTTP Request: POST https://api.telegram.org/bot8132507132:AAHGCXA_fMWIvjOxkeX9ri_nFifM8HXLVdI/getUpdates "HTTP/1.1 409 Conflict"
2025-07-23 14:19:37,270 - ERROR - Error while getting Updates: Conflict: terminated by other getUpdates request; make sure that only one bot instance is running
2025-07-23 14:19:37,270 - ERROR - No error handlers are registered, logging exception.
Traceback (most recent call last):
  File "/Volumes/ARIMA/bot-event/venv/lib/python3.9/site-packages/telegram/ext/_updater.py", line 688, in _network_loop_retry
    if not await action_cb():
  File "/Volumes/ARIMA/bot-event/venv/lib/python3.9/site-packages/telegram/ext/_updater.py", line 384, in polling_action_cb
    raise exc
  File "/Volumes/ARIMA/bot-event/venv/lib/python3.9/site-packages/telegram/ext/_updater.py", line 373, in polling_action_cb
    updates = await self.bot.get_updates(
  File "/Volumes/ARIMA/bot-event/venv/lib/python3.9/site-packages/telegram/ext/_extbot.py", line 558, in get_updates
    updates = await super().get_updates(
  File "/Volumes/ARIMA/bot-event/venv/lib/python3.9/site-packages/telegram/_bot.py", line 525, in decorator
    result = await func(self, *args, **kwargs)  # skipcq: PYL-E1102
  File "/Volumes/ARIMA/bot-event/venv/lib/python3.9/site-packages/telegram/_bot.py", line 3584, in get_updates
    await self._post(
  File "/Volumes/ARIMA/bot-event/venv/lib/python3.9/site-packages/telegram/_bot.py", line 613, in _post
    return await self._do_post(
  File "/Volumes/ARIMA/bot-event/venv/lib/python3.9/site-packages/telegram/ext/_extbot.py", line 340, in _do_post
    return await super()._do_post(
  File "/Volumes/ARIMA/bot-event/venv/lib/python3.9/site-packages/telegram/_bot.py", line 641, in _do_post
    return await request.post(
  File "/Volumes/ARIMA/bot-event/venv/lib/python3.9/site-packages/telegram/request/_baserequest.py", line 200, in post
    result = await self._request_wrapper(
  File "/Volumes/ARIMA/bot-event/venv/lib/python3.9/site-packages/telegram/request/_baserequest.py", line 381, in _request_wrapper
    raise Conflict(message)
telegram.error.Conflict: Conflict: terminated by other getUpdates request; make sure that only one bot instance is running
2025-07-23 14:19:48,346 - INFO - HTTP Request: POST https://api.telegram.org/bot8132507132:AAHGCXA_fMWIvjOxkeX9ri_nFifM8HXLVdI/getUpdates "HTTP/1.1 409 Conflict"
2025-07-23 14:19:48,349 - ERROR - Error while getting Updates: Conflict: terminated by other getUpdates request; make sure that only one bot instance is running
2025-07-23 14:19:48,349 - ERROR - No error handlers are registered, logging exception.
Traceback (most recent call last):
  File "/Volumes/ARIMA/bot-event/venv/lib/python3.9/site-packages/telegram/ext/_updater.py", line 688, in _network_loop_retry
    if not await action_cb():
  File "/Volumes/ARIMA/bot-event/venv/lib/python3.9/site-packages/telegram/ext/_updater.py", line 384, in polling_action_cb
    raise exc
  File "/Volumes/ARIMA/bot-event/venv/lib/python3.9/site-packages/telegram/ext/_updater.py", line 373, in polling_action_cb
    updates = await self.bot.get_updates(
  File "/Volumes/ARIMA/bot-event/venv/lib/python3.9/site-packages/telegram/ext/_extbot.py", line 558, in get_updates
    updates = await super().get_updates(
  File "/Volumes/ARIMA/bot-event/venv/lib/python3.9/site-packages/telegram/_bot.py", line 525, in decorator
    result = await func(self, *args, **kwargs)  # skipcq: PYL-E1102
  File "/Volumes/ARIMA/bot-event/venv/lib/python3.9/site-packages/telegram/_bot.py", line 3584, in get_updates
    await self._post(
  File "/Volumes/ARIMA/bot-event/venv/lib/python3.9/site-packages/telegram/_bot.py", line 613, in _post
    return await self._do_post(
  File "/Volumes/ARIMA/bot-event/venv/lib/python3.9/site-packages/telegram/ext/_extbot.py", line 340, in _do_post
    return await super()._do_post(
  File "/Volumes/ARIMA/bot-event/venv/lib/python3.9/site-packages/telegram/_bot.py", line 641, in _do_post
    return await request.post(
  File "/Volumes/ARIMA/bot-event/venv/lib/python3.9/site-packages/telegram/request/_baserequest.py", line 200, in post
    result = await self._request_wrapper(
  File "/Volumes/ARIMA/bot-event/venv/lib/python3.9/site-packages/telegram/request/_baserequest.py", line 381, in _request_wrapper
    raise Conflict(message)
telegram.error.Conflict: Conflict: terminated by other getUpdates request; make sure that only one bot instance is running
2025-07-23 14:20:02,471 - INFO - HTTP Request: POST https://api.telegram.org/bot8132507132:AAHGCXA_fMWIvjOxkeX9ri_nFifM8HXLVdI/getUpdates "HTTP/1.1 409 Conflict"
2025-07-23 14:20:02,475 - ERROR - Error while getting Updates: Conflict: terminated by other getUpdates request; make sure that only one bot instance is running
2025-07-23 14:20:02,476 - ERROR - No error handlers are registered, logging exception.
Traceback (most recent call last):
  File "/Volumes/ARIMA/bot-event/venv/lib/python3.9/site-packages/telegram/ext/_updater.py", line 688, in _network_loop_retry
    if not await action_cb():
  File "/Volumes/ARIMA/bot-event/venv/lib/python3.9/site-packages/telegram/ext/_updater.py", line 384, in polling_action_cb
    raise exc
  File "/Volumes/ARIMA/bot-event/venv/lib/python3.9/site-packages/telegram/ext/_updater.py", line 373, in polling_action_cb
    updates = await self.bot.get_updates(
  File "/Volumes/ARIMA/bot-event/venv/lib/python3.9/site-packages/telegram/ext/_extbot.py", line 558, in get_updates
    updates = await super().get_updates(
  File "/Volumes/ARIMA/bot-event/venv/lib/python3.9/site-packages/telegram/_bot.py", line 525, in decorator
    result = await func(self, *args, **kwargs)  # skipcq: PYL-E1102
  File "/Volumes/ARIMA/bot-event/venv/lib/python3.9/site-packages/telegram/_bot.py", line 3584, in get_updates
    await self._post(
  File "/Volumes/ARIMA/bot-event/venv/lib/python3.9/site-packages/telegram/_bot.py", line 613, in _post
    return await self._do_post(
  File "/Volumes/ARIMA/bot-event/venv/lib/python3.9/site-packages/telegram/ext/_extbot.py", line 340, in _do_post
    return await super()._do_post(
  File "/Volumes/ARIMA/bot-event/venv/lib/python3.9/site-packages/telegram/_bot.py", line 641, in _do_post
    return await request.post(
  File "/Volumes/ARIMA/bot-event/venv/lib/python3.9/site-packages/telegram/request/_baserequest.py", line 200, in post
    result = await self._request_wrapper(
  File "/Volumes/ARIMA/bot-event/venv/lib/python3.9/site-packages/telegram/request/_baserequest.py", line 381, in _request_wrapper
    raise Conflict(message)
telegram.error.Conflict: Conflict: terminated by other getUpdates request; make sure that only one bot instance is running
2025-07-23 14:20:20,747 - INFO - HTTP Request: POST https://api.telegram.org/bot8132507132:AAHGCXA_fMWIvjOxkeX9ri_nFifM8HXLVdI/getUpdates "HTTP/1.1 409 Conflict"
2025-07-23 14:20:20,762 - ERROR - Error while getting Updates: Conflict: terminated by other getUpdates request; make sure that only one bot instance is running
2025-07-23 14:20:20,763 - ERROR - No error handlers are registered, logging exception.
Traceback (most recent call last):
  File "/Volumes/ARIMA/bot-event/venv/lib/python3.9/site-packages/telegram/ext/_updater.py", line 688, in _network_loop_retry
  File "/Volumes/ARIMA/bot-event/venv/lib/python3.9/site-packages/telegram/ext/_updater.py", line 384, in polling_action_cb
  File "/Volumes/ARIMA/bot-event/venv/lib/python3.9/site-packages/telegram/ext/_updater.py", line 373, in polling_action_cb
  File "/Volumes/ARIMA/bot-event/venv/lib/python3.9/site-packages/telegram/ext/_extbot.py", line 558, in get_updates
  File "/Volumes/ARIMA/bot-event/venv/lib/python3.9/site-packages/telegram/_bot.py", line 525, in decorator
  File "/Volumes/ARIMA/bot-event/venv/lib/python3.9/site-packages/telegram/_bot.py", line 3584, in get_updates
  File "/Volumes/ARIMA/bot-event/venv/lib/python3.9/site-packages/telegram/_bot.py", line 613, in _post
  File "/Volumes/ARIMA/bot-event/venv/lib/python3.9/site-packages/telegram/ext/_extbot.py", line 340, in _do_post
  File "/Volumes/ARIMA/bot-event/venv/lib/python3.9/site-packages/telegram/_bot.py", line 641, in _do_post
  File "/Volumes/ARIMA/bot-event/venv/lib/python3.9/site-packages/telegram/request/_baserequest.py", line 200, in post
  File "/Volumes/ARIMA/bot-event/venv/lib/python3.9/site-packages/telegram/request/_baserequest.py", line 381, in _request_wrapper
telegram.error.Conflict: Conflict: terminated by other getUpdates request; make sure that only one bot instance is running
Traceback (most recent call last):
  File "/Volumes/ARIMA/bot-event/event_voting_bot/bot.py", line 3, in <module>
    from telegram import Update, InlineKeyboardButton, InlineKeyboardMarkup, BotCommand
ModuleNotFoundError: No module named 'telegram'
2025-07-23 14:20:42,909 - INFO - HTTP Request: POST https://api.telegram.org/bot8132507132:AAHGCXA_fMWIvjOxkeX9ri_nFifM8HXLVdI/getUpdates "HTTP/1.1 409 Conflict"
2025-07-23 14:20:42,911 - ERROR - Error while getting Updates: Conflict: terminated by other getUpdates request; make sure that only one bot instance is running
2025-07-23 14:20:42,912 - ERROR - No error handlers are registered, logging exception.
Traceback (most recent call last):
  File "/Volumes/ARIMA/bot-event/venv/lib/python3.9/site-packages/telegram/ext/_updater.py", line 688, in _network_loop_retry
  File "/Volumes/ARIMA/bot-event/venv/lib/python3.9/site-packages/telegram/ext/_updater.py", line 384, in polling_action_cb
  File "/Volumes/ARIMA/bot-event/venv/lib/python3.9/site-packages/telegram/ext/_updater.py", line 373, in polling_action_cb
  File "/Volumes/ARIMA/bot-event/venv/lib/python3.9/site-packages/telegram/ext/_extbot.py", line 558, in get_updates
  File "/Volumes/ARIMA/bot-event/venv/lib/python3.9/site-packages/telegram/_bot.py", line 525, in decorator
  File "/Volumes/ARIMA/bot-event/venv/lib/python3.9/site-packages/telegram/_bot.py", line 3584, in get_updates
  File "/Volumes/ARIMA/bot-event/venv/lib/python3.9/site-packages/telegram/_bot.py", line 613, in _post
  File "/Volumes/ARIMA/bot-event/venv/lib/python3.9/site-packages/telegram/ext/_extbot.py", line 340, in _do_post
  File "/Volumes/ARIMA/bot-event/venv/lib/python3.9/site-packages/telegram/_bot.py", line 641, in _do_post
  File "/Volumes/ARIMA/bot-event/venv/lib/python3.9/site-packages/telegram/request/_baserequest.py", line 200, in post
  File "/Volumes/ARIMA/bot-event/venv/lib/python3.9/site-packages/telegram/request/_baserequest.py", line 381, in _request_wrapper
telegram.error.Conflict: Conflict: terminated by other getUpdates request; make sure that only one bot instance is running
2025-07-23 14:21:13,639 - INFO - HTTP Request: POST https://api.telegram.org/bot8132507132:AAHGCXA_fMWIvjOxkeX9ri_nFifM8HXLVdI/getUpdates "HTTP/1.1 409 Conflict"
2025-07-23 14:21:13,655 - ERROR - Error while getting Updates: Conflict: terminated by other getUpdates request; make sure that only one bot instance is running
2025-07-23 14:21:13,656 - ERROR - No error handlers are registered, logging exception.
Traceback (most recent call last):
  File "/Volumes/ARIMA/bot-event/venv/lib/python3.9/site-packages/telegram/ext/_updater.py", line 688, in _network_loop_retry
  File "/Volumes/ARIMA/bot-event/venv/lib/python3.9/site-packages/telegram/ext/_updater.py", line 384, in polling_action_cb
  File "/Volumes/ARIMA/bot-event/venv/lib/python3.9/site-packages/telegram/ext/_updater.py", line 373, in polling_action_cb
  File "/Volumes/ARIMA/bot-event/venv/lib/python3.9/site-packages/telegram/ext/_extbot.py", line 558, in get_updates
  File "/Volumes/ARIMA/bot-event/venv/lib/python3.9/site-packages/telegram/_bot.py", line 525, in decorator
  File "/Volumes/ARIMA/bot-event/venv/lib/python3.9/site-packages/telegram/_bot.py", line 3584, in get_updates
  File "/Volumes/ARIMA/bot-event/venv/lib/python3.9/site-packages/telegram/_bot.py", line 613, in _post
  File "/Volumes/ARIMA/bot-event/venv/lib/python3.9/site-packages/telegram/ext/_extbot.py", line 340, in _do_post
  File "/Volumes/ARIMA/bot-event/venv/lib/python3.9/site-packages/telegram/_bot.py", line 641, in _do_post
  File "/Volumes/ARIMA/bot-event/venv/lib/python3.9/site-packages/telegram/request/_baserequest.py", line 200, in post
  File "/Volumes/ARIMA/bot-event/venv/lib/python3.9/site-packages/telegram/request/_baserequest.py", line 381, in _request_wrapper
telegram.error.Conflict: Conflict: terminated by other getUpdates request; make sure that only one bot instance is running
2025-07-23 14:21:48,989 - INFO - HTTP Request: POST https://api.telegram.org/bot8132507132:AAHGCXA_fMWIvjOxkeX9ri_nFifM8HXLVdI/getUpdates "HTTP/1.1 409 Conflict"
2025-07-23 14:21:48,993 - ERROR - Error while getting Updates: Conflict: terminated by other getUpdates request; make sure that only one bot instance is running
2025-07-23 14:21:48,993 - ERROR - No error handlers are registered, logging exception.
Traceback (most recent call last):
  File "/Volumes/ARIMA/bot-event/venv/lib/python3.9/site-packages/telegram/ext/_updater.py", line 688, in _network_loop_retry
  File "/Volumes/ARIMA/bot-event/venv/lib/python3.9/site-packages/telegram/ext/_updater.py", line 384, in polling_action_cb
  File "/Volumes/ARIMA/bot-event/venv/lib/python3.9/site-packages/telegram/ext/_updater.py", line 373, in polling_action_cb
  File "/Volumes/ARIMA/bot-event/venv/lib/python3.9/site-packages/telegram/ext/_extbot.py", line 558, in get_updates
  File "/Volumes/ARIMA/bot-event/venv/lib/python3.9/site-packages/telegram/_bot.py", line 525, in decorator
  File "/Volumes/ARIMA/bot-event/venv/lib/python3.9/site-packages/telegram/_bot.py", line 3584, in get_updates
  File "/Volumes/ARIMA/bot-event/venv/lib/python3.9/site-packages/telegram/_bot.py", line 613, in _post
  File "/Volumes/ARIMA/bot-event/venv/lib/python3.9/site-packages/telegram/ext/_extbot.py", line 340, in _do_post
  File "/Volumes/ARIMA/bot-event/venv/lib/python3.9/site-packages/telegram/_bot.py", line 641, in _do_post
  File "/Volumes/ARIMA/bot-event/venv/lib/python3.9/site-packages/telegram/request/_baserequest.py", line 200, in post
  File "/Volumes/ARIMA/bot-event/venv/lib/python3.9/site-packages/telegram/request/_baserequest.py", line 381, in _request_wrapper
telegram.error.Conflict: Conflict: terminated by other getUpdates request; make sure that only one bot instance is running
2025-07-23 14:22:24,190 - INFO - HTTP Request: POST https://api.telegram.org/bot8132507132:AAHGCXA_fMWIvjOxkeX9ri_nFifM8HXLVdI/getUpdates "HTTP/1.1 409 Conflict"
2025-07-23 14:22:24,206 - ERROR - Error while getting Updates: Conflict: terminated by other getUpdates request; make sure that only one bot instance is running
2025-07-23 14:22:24,206 - ERROR - No error handlers are registered, logging exception.
Traceback (most recent call last):
  File "/Volumes/ARIMA/bot-event/venv/lib/python3.9/site-packages/telegram/ext/_updater.py", line 688, in _network_loop_retry
  File "/Volumes/ARIMA/bot-event/venv/lib/python3.9/site-packages/telegram/ext/_updater.py", line 384, in polling_action_cb
  File "/Volumes/ARIMA/bot-event/venv/lib/python3.9/site-packages/telegram/ext/_updater.py", line 373, in polling_action_cb
  File "/Volumes/ARIMA/bot-event/venv/lib/python3.9/site-packages/telegram/ext/_extbot.py", line 558, in get_updates
  File "/Volumes/ARIMA/bot-event/venv/lib/python3.9/site-packages/telegram/_bot.py", line 525, in decorator
  File "/Volumes/ARIMA/bot-event/venv/lib/python3.9/site-packages/telegram/_bot.py", line 3584, in get_updates
  File "/Volumes/ARIMA/bot-event/venv/lib/python3.9/site-packages/telegram/_bot.py", line 613, in _post
  File "/Volumes/ARIMA/bot-event/venv/lib/python3.9/site-packages/telegram/ext/_extbot.py", line 340, in _do_post
  File "/Volumes/ARIMA/bot-event/venv/lib/python3.9/site-packages/telegram/_bot.py", line 641, in _do_post
  File "/Volumes/ARIMA/bot-event/venv/lib/python3.9/site-packages/telegram/request/_baserequest.py", line 200, in post
  File "/Volumes/ARIMA/bot-event/venv/lib/python3.9/site-packages/telegram/request/_baserequest.py", line 381, in _request_wrapper
telegram.error.Conflict: Conflict: terminated by other getUpdates request; make sure that only one bot instance is running
2025-07-23 14:22:59,361 - INFO - HTTP Request: POST https://api.telegram.org/bot8132507132:AAHGCXA_fMWIvjOxkeX9ri_nFifM8HXLVdI/getUpdates "HTTP/1.1 409 Conflict"
2025-07-23 14:22:59,362 - ERROR - Error while getting Updates: Conflict: terminated by other getUpdates request; make sure that only one bot instance is running
2025-07-23 14:22:59,363 - ERROR - No error handlers are registered, logging exception.
Traceback (most recent call last):
  File "/Volumes/ARIMA/bot-event/venv/lib/python3.9/site-packages/telegram/ext/_updater.py", line 688, in _network_loop_retry
  File "/Volumes/ARIMA/bot-event/venv/lib/python3.9/site-packages/telegram/ext/_updater.py", line 384, in polling_action_cb
  File "/Volumes/ARIMA/bot-event/venv/lib/python3.9/site-packages/telegram/ext/_updater.py", line 373, in polling_action_cb
  File "/Volumes/ARIMA/bot-event/venv/lib/python3.9/site-packages/telegram/ext/_extbot.py", line 558, in get_updates
  File "/Volumes/ARIMA/bot-event/venv/lib/python3.9/site-packages/telegram/_bot.py", line 525, in decorator
  File "/Volumes/ARIMA/bot-event/venv/lib/python3.9/site-packages/telegram/_bot.py", line 3584, in get_updates
  File "/Volumes/ARIMA/bot-event/venv/lib/python3.9/site-packages/telegram/_bot.py", line 613, in _post
  File "/Volumes/ARIMA/bot-event/venv/lib/python3.9/site-packages/telegram/ext/_extbot.py", line 340, in _do_post
  File "/Volumes/ARIMA/bot-event/venv/lib/python3.9/site-packages/telegram/_bot.py", line 641, in _do_post
  File "/Volumes/ARIMA/bot-event/venv/lib/python3.9/site-packages/telegram/request/_baserequest.py", line 200, in post
  File "/Volumes/ARIMA/bot-event/venv/lib/python3.9/site-packages/telegram/request/_baserequest.py", line 381, in _request_wrapper
telegram.error.Conflict: Conflict: terminated by other getUpdates request; make sure that only one bot instance is running
2025-07-23 14:23:34,650 - INFO - HTTP Request: POST https://api.telegram.org/bot8132507132:AAHGCXA_fMWIvjOxkeX9ri_nFifM8HXLVdI/getUpdates "HTTP/1.1 409 Conflict"
2025-07-23 14:23:34,665 - ERROR - Error while getting Updates: Conflict: terminated by other getUpdates request; make sure that only one bot instance is running
2025-07-23 14:23:34,665 - ERROR - No error handlers are registered, logging exception.
Traceback (most recent call last):
  File "/Volumes/ARIMA/bot-event/venv/lib/python3.9/site-packages/telegram/ext/_updater.py", line 688, in _network_loop_retry
  File "/Volumes/ARIMA/bot-event/venv/lib/python3.9/site-packages/telegram/ext/_updater.py", line 384, in polling_action_cb
  File "/Volumes/ARIMA/bot-event/venv/lib/python3.9/site-packages/telegram/ext/_updater.py", line 373, in polling_action_cb
  File "/Volumes/ARIMA/bot-event/venv/lib/python3.9/site-packages/telegram/ext/_extbot.py", line 558, in get_updates
  File "/Volumes/ARIMA/bot-event/venv/lib/python3.9/site-packages/telegram/_bot.py", line 525, in decorator
  File "/Volumes/ARIMA/bot-event/venv/lib/python3.9/site-packages/telegram/_bot.py", line 3584, in get_updates
  File "/Volumes/ARIMA/bot-event/venv/lib/python3.9/site-packages/telegram/_bot.py", line 613, in _post
  File "/Volumes/ARIMA/bot-event/venv/lib/python3.9/site-packages/telegram/ext/_extbot.py", line 340, in _do_post
  File "/Volumes/ARIMA/bot-event/venv/lib/python3.9/site-packages/telegram/_bot.py", line 641, in _do_post
  File "/Volumes/ARIMA/bot-event/venv/lib/python3.9/site-packages/telegram/request/_baserequest.py", line 200, in post
  File "/Volumes/ARIMA/bot-event/venv/lib/python3.9/site-packages/telegram/request/_baserequest.py", line 381, in _request_wrapper
telegram.error.Conflict: Conflict: terminated by other getUpdates request; make sure that only one bot instance is running
2025-07-23 14:24:09,768 - INFO - HTTP Request: POST https://api.telegram.org/bot8132507132:AAHGCXA_fMWIvjOxkeX9ri_nFifM8HXLVdI/getUpdates "HTTP/1.1 409 Conflict"
2025-07-23 14:24:09,772 - ERROR - Error while getting Updates: Conflict: terminated by other getUpdates request; make sure that only one bot instance is running
2025-07-23 14:24:09,772 - ERROR - No error handlers are registered, logging exception.
Traceback (most recent call last):
  File "/Volumes/ARIMA/bot-event/venv/lib/python3.9/site-packages/telegram/ext/_updater.py", line 688, in _network_loop_retry
  File "/Volumes/ARIMA/bot-event/venv/lib/python3.9/site-packages/telegram/ext/_updater.py", line 384, in polling_action_cb
  File "/Volumes/ARIMA/bot-event/venv/lib/python3.9/site-packages/telegram/ext/_updater.py", line 373, in polling_action_cb
  File "/Volumes/ARIMA/bot-event/venv/lib/python3.9/site-packages/telegram/ext/_extbot.py", line 558, in get_updates
  File "/Volumes/ARIMA/bot-event/venv/lib/python3.9/site-packages/telegram/_bot.py", line 525, in decorator
  File "/Volumes/ARIMA/bot-event/venv/lib/python3.9/site-packages/telegram/_bot.py", line 3584, in get_updates
  File "/Volumes/ARIMA/bot-event/venv/lib/python3.9/site-packages/telegram/_bot.py", line 613, in _post
  File "/Volumes/ARIMA/bot-event/venv/lib/python3.9/site-packages/telegram/ext/_extbot.py", line 340, in _do_post
  File "/Volumes/ARIMA/bot-event/venv/lib/python3.9/site-packages/telegram/_bot.py", line 641, in _do_post
  File "/Volumes/ARIMA/bot-event/venv/lib/python3.9/site-packages/telegram/request/_baserequest.py", line 200, in post
  File "/Volumes/ARIMA/bot-event/venv/lib/python3.9/site-packages/telegram/request/_baserequest.py", line 381, in _request_wrapper
telegram.error.Conflict: Conflict: terminated by other getUpdates request; make sure that only one bot instance is running
Traceback (most recent call last):
  File "/Volumes/ARIMA/bot-event/event_voting_bot/bot.py", line 5, in <module>
    from event_voting_bot.database import Database
ModuleNotFoundError: No module named 'event_voting_bot'
2025-07-23 14:24:43,881 - INFO - HTTP Request: POST https://api.telegram.org/bot8132507132:AAHGCXA_fMWIvjOxkeX9ri_nFifM8HXLVdI/getUpdates "HTTP/1.1 409 Conflict"
2025-07-23 14:24:43,885 - ERROR - Error while getting Updates: Conflict: terminated by other getUpdates request; make sure that only one bot instance is running
2025-07-23 14:24:43,885 - ERROR - No error handlers are registered, logging exception.
Traceback (most recent call last):
  File "/Volumes/ARIMA/bot-event/venv/lib/python3.9/site-packages/telegram/ext/_updater.py", line 688, in _network_loop_retry
  File "/Volumes/ARIMA/bot-event/venv/lib/python3.9/site-packages/telegram/ext/_updater.py", line 384, in polling_action_cb
  File "/Volumes/ARIMA/bot-event/venv/lib/python3.9/site-packages/telegram/ext/_updater.py", line 373, in polling_action_cb
  File "/Volumes/ARIMA/bot-event/venv/lib/python3.9/site-packages/telegram/ext/_extbot.py", line 558, in get_updates
  File "/Volumes/ARIMA/bot-event/venv/lib/python3.9/site-packages/telegram/_bot.py", line 525, in decorator
  File "/Volumes/ARIMA/bot-event/venv/lib/python3.9/site-packages/telegram/_bot.py", line 3584, in get_updates
  File "/Volumes/ARIMA/bot-event/venv/lib/python3.9/site-packages/telegram/_bot.py", line 613, in _post
  File "/Volumes/ARIMA/bot-event/venv/lib/python3.9/site-packages/telegram/ext/_extbot.py", line 340, in _do_post
  File "/Volumes/ARIMA/bot-event/venv/lib/python3.9/site-packages/telegram/_bot.py", line 641, in _do_post
  File "/Volumes/ARIMA/bot-event/venv/lib/python3.9/site-packages/telegram/request/_baserequest.py", line 200, in post
  File "/Volumes/ARIMA/bot-event/venv/lib/python3.9/site-packages/telegram/request/_baserequest.py", line 381, in _request_wrapper
telegram.error.Conflict: Conflict: terminated by other getUpdates request; make sure that only one bot instance is running
2025-07-23 14:25:18,958 - INFO - HTTP Request: POST https://api.telegram.org/bot8132507132:AAHGCXA_fMWIvjOxkeX9ri_nFifM8HXLVdI/getUpdates "HTTP/1.1 409 Conflict"
2025-07-23 14:25:18,974 - ERROR - Error while getting Updates: Conflict: terminated by other getUpdates request; make sure that only one bot instance is running
2025-07-23 14:25:18,974 - ERROR - No error handlers are registered, logging exception.
Traceback (most recent call last):
  File "/Volumes/ARIMA/bot-event/venv/lib/python3.9/site-packages/telegram/ext/_updater.py", line 688, in _network_loop_retry
  File "/Volumes/ARIMA/bot-event/venv/lib/python3.9/site-packages/telegram/ext/_updater.py", line 384, in polling_action_cb
  File "/Volumes/ARIMA/bot-event/venv/lib/python3.9/site-packages/telegram/ext/_updater.py", line 373, in polling_action_cb
  File "/Volumes/ARIMA/bot-event/venv/lib/python3.9/site-packages/telegram/ext/_extbot.py", line 558, in get_updates
  File "/Volumes/ARIMA/bot-event/venv/lib/python3.9/site-packages/telegram/_bot.py", line 525, in decorator
  File "/Volumes/ARIMA/bot-event/venv/lib/python3.9/site-packages/telegram/_bot.py", line 3584, in get_updates
  File "/Volumes/ARIMA/bot-event/venv/lib/python3.9/site-packages/telegram/_bot.py", line 613, in _post
  File "/Volumes/ARIMA/bot-event/venv/lib/python3.9/site-packages/telegram/ext/_extbot.py", line 340, in _do_post
  File "/Volumes/ARIMA/bot-event/venv/lib/python3.9/site-packages/telegram/_bot.py", line 641, in _do_post
  File "/Volumes/ARIMA/bot-event/venv/lib/python3.9/site-packages/telegram/request/_baserequest.py", line 200, in post
  File "/Volumes/ARIMA/bot-event/venv/lib/python3.9/site-packages/telegram/request/_baserequest.py", line 381, in _request_wrapper
telegram.error.Conflict: Conflict: terminated by other getUpdates request; make sure that only one bot instance is running
2025-07-23 14:25:53,604 - INFO - HTTP Request: POST https://api.telegram.org/bot8132507132:AAHGCXA_fMWIvjOxkeX9ri_nFifM8HXLVdI/getUpdates "HTTP/1.1 409 Conflict"
2025-07-23 14:25:53,607 - ERROR - Error while getting Updates: Conflict: terminated by other getUpdates request; make sure that only one bot instance is running
2025-07-23 14:25:53,608 - ERROR - No error handlers are registered, logging exception.
Traceback (most recent call last):
  File "/Volumes/ARIMA/bot-event/venv/lib/python3.9/site-packages/telegram/ext/_updater.py", line 688, in _network_loop_retry
  File "/Volumes/ARIMA/bot-event/venv/lib/python3.9/site-packages/telegram/ext/_updater.py", line 384, in polling_action_cb
  File "/Volumes/ARIMA/bot-event/venv/lib/python3.9/site-packages/telegram/ext/_updater.py", line 373, in polling_action_cb
  File "/Volumes/ARIMA/bot-event/venv/lib/python3.9/site-packages/telegram/ext/_extbot.py", line 558, in get_updates
  File "/Volumes/ARIMA/bot-event/venv/lib/python3.9/site-packages/telegram/_bot.py", line 525, in decorator
  File "/Volumes/ARIMA/bot-event/venv/lib/python3.9/site-packages/telegram/_bot.py", line 3584, in get_updates
  File "/Volumes/ARIMA/bot-event/venv/lib/python3.9/site-packages/telegram/_bot.py", line 613, in _post
  File "/Volumes/ARIMA/bot-event/venv/lib/python3.9/site-packages/telegram/ext/_extbot.py", line 340, in _do_post
  File "/Volumes/ARIMA/bot-event/venv/lib/python3.9/site-packages/telegram/_bot.py", line 641, in _do_post
  File "/Volumes/ARIMA/bot-event/venv/lib/python3.9/site-packages/telegram/request/_baserequest.py", line 200, in post
  File "/Volumes/ARIMA/bot-event/venv/lib/python3.9/site-packages/telegram/request/_baserequest.py", line 381, in _request_wrapper
telegram.error.Conflict: Conflict: terminated by other getUpdates request; make sure that only one bot instance is running
2025-07-23 14:26:24,634 - INFO - HTTP Request: POST https://api.telegram.org/bot8132507132:AAHGCXA_fMWIvjOxkeX9ri_nFifM8HXLVdI/getUpdates "HTTP/1.1 200 OK"
2025-07-23 14:26:24,651 - INFO - handle_event_selection: callback_data=vote_yes_83 user_id=6834788132 context.user_data={}
2025-07-23 14:26:25,208 - INFO - HTTP Request: POST https://api.telegram.org/bot8132507132:AAHGCXA_fMWIvjOxkeX9ri_nFifM8HXLVdI/answerCallbackQuery "HTTP/1.1 200 OK"
2025-07-23 14:26:25,211 - INFO - get_event_for_user_or_admin: db.get_event(83, 6834788132) -> None
2025-07-23 14:26:25,212 - INFO - get_event_for_user_or_admin: SELECT ... FROM events WHERE id=83 -> (83, 'Встреча друзей 5', '', 398783184, '2025-08-01', 13, '2025-07-23 11:14:17', -4639146753)
2025-07-23 14:26:25,367 - INFO - HTTP Request: POST https://api.telegram.org/bot8132507132:AAHGCXA_fMWIvjOxkeX9ri_nFifM8HXLVdI/answerCallbackQuery "HTTP/1.1 200 OK"
2025-07-23 14:26:28,220 - INFO - HTTP Request: POST https://api.telegram.org/bot8132507132:AAHGCXA_fMWIvjOxkeX9ri_nFifM8HXLVdI/getUpdates "HTTP/1.1 409 Conflict"
2025-07-23 14:26:28,222 - ERROR - Error while getting Updates: Conflict: terminated by other getUpdates request; make sure that only one bot instance is running
2025-07-23 14:26:28,222 - ERROR - No error handlers are registered, logging exception.
Traceback (most recent call last):
  File "/Volumes/ARIMA/bot-event/venv/lib/python3.9/site-packages/telegram/ext/_updater.py", line 688, in _network_loop_retry
  File "/Volumes/ARIMA/bot-event/venv/lib/python3.9/site-packages/telegram/ext/_updater.py", line 384, in polling_action_cb
  File "/Volumes/ARIMA/bot-event/venv/lib/python3.9/site-packages/telegram/ext/_updater.py", line 373, in polling_action_cb
  File "/Volumes/ARIMA/bot-event/venv/lib/python3.9/site-packages/telegram/ext/_extbot.py", line 558, in get_updates
  File "/Volumes/ARIMA/bot-event/venv/lib/python3.9/site-packages/telegram/_bot.py", line 525, in decorator
  File "/Volumes/ARIMA/bot-event/venv/lib/python3.9/site-packages/telegram/_bot.py", line 3584, in get_updates
  File "/Volumes/ARIMA/bot-event/venv/lib/python3.9/site-packages/telegram/_bot.py", line 613, in _post
  File "/Volumes/ARIMA/bot-event/venv/lib/python3.9/site-packages/telegram/ext/_extbot.py", line 340, in _do_post
  File "/Volumes/ARIMA/bot-event/venv/lib/python3.9/site-packages/telegram/_bot.py", line 641, in _do_post
  File "/Volumes/ARIMA/bot-event/venv/lib/python3.9/site-packages/telegram/request/_baserequest.py", line 200, in post
  File "/Volumes/ARIMA/bot-event/venv/lib/python3.9/site-packages/telegram/request/_baserequest.py", line 381, in _request_wrapper
telegram.error.Conflict: Conflict: terminated by other getUpdates request; make sure that only one bot instance is running
2025-07-23 14:26:33,963 - INFO - HTTP Request: POST https://api.telegram.org/bot8132507132:AAHGCXA_fMWIvjOxkeX9ri_nFifM8HXLVdI/getUpdates "HTTP/1.1 409 Conflict"
2025-07-23 14:26:33,979 - ERROR - Error while getting Updates: Conflict: terminated by other getUpdates request; make sure that only one bot instance is running
2025-07-23 14:26:33,979 - ERROR - No error handlers are registered, logging exception.
Traceback (most recent call last):
  File "/Volumes/ARIMA/bot-event/venv/lib/python3.9/site-packages/telegram/ext/_updater.py", line 688, in _network_loop_retry
  File "/Volumes/ARIMA/bot-event/venv/lib/python3.9/site-packages/telegram/ext/_updater.py", line 384, in polling_action_cb
  File "/Volumes/ARIMA/bot-event/venv/lib/python3.9/site-packages/telegram/ext/_updater.py", line 373, in polling_action_cb
  File "/Volumes/ARIMA/bot-event/venv/lib/python3.9/site-packages/telegram/ext/_extbot.py", line 558, in get_updates
  File "/Volumes/ARIMA/bot-event/venv/lib/python3.9/site-packages/telegram/_bot.py", line 525, in decorator
  File "/Volumes/ARIMA/bot-event/venv/lib/python3.9/site-packages/telegram/_bot.py", line 3584, in get_updates
  File "/Volumes/ARIMA/bot-event/venv/lib/python3.9/site-packages/telegram/_bot.py", line 613, in _post
  File "/Volumes/ARIMA/bot-event/venv/lib/python3.9/site-packages/telegram/ext/_extbot.py", line 340, in _do_post
  File "/Volumes/ARIMA/bot-event/venv/lib/python3.9/site-packages/telegram/_bot.py", line 641, in _do_post
  File "/Volumes/ARIMA/bot-event/venv/lib/python3.9/site-packages/telegram/request/_baserequest.py", line 200, in post
  File "/Volumes/ARIMA/bot-event/venv/lib/python3.9/site-packages/telegram/request/_baserequest.py", line 381, in _request_wrapper
telegram.error.Conflict: Conflict: terminated by other getUpdates request; make sure that only one bot instance is running
2025-07-23 14:26:40,292 - INFO - HTTP Request: POST https://api.telegram.org/bot8132507132:AAHGCXA_fMWIvjOxkeX9ri_nFifM8HXLVdI/getUpdates "HTTP/1.1 409 Conflict"
2025-07-23 14:26:40,295 - ERROR - Error while getting Updates: Conflict: terminated by other getUpdates request; make sure that only one bot instance is running
2025-07-23 14:26:40,295 - ERROR - No error handlers are registered, logging exception.
Traceback (most recent call last):
  File "/Volumes/ARIMA/bot-event/venv/lib/python3.9/site-packages/telegram/ext/_updater.py", line 688, in _network_loop_retry
  File "/Volumes/ARIMA/bot-event/venv/lib/python3.9/site-packages/telegram/ext/_updater.py", line 384, in polling_action_cb
  File "/Volumes/ARIMA/bot-event/venv/lib/python3.9/site-packages/telegram/ext/_updater.py", line 373, in polling_action_cb
  File "/Volumes/ARIMA/bot-event/venv/lib/python3.9/site-packages/telegram/ext/_extbot.py", line 558, in get_updates
  File "/Volumes/ARIMA/bot-event/venv/lib/python3.9/site-packages/telegram/_bot.py", line 525, in decorator
  File "/Volumes/ARIMA/bot-event/venv/lib/python3.9/site-packages/telegram/_bot.py", line 3584, in get_updates
  File "/Volumes/ARIMA/bot-event/venv/lib/python3.9/site-packages/telegram/_bot.py", line 613, in _post
  File "/Volumes/ARIMA/bot-event/venv/lib/python3.9/site-packages/telegram/ext/_extbot.py", line 340, in _do_post
  File "/Volumes/ARIMA/bot-event/venv/lib/python3.9/site-packages/telegram/_bot.py", line 641, in _do_post
  File "/Volumes/ARIMA/bot-event/venv/lib/python3.9/site-packages/telegram/request/_baserequest.py", line 200, in post
  File "/Volumes/ARIMA/bot-event/venv/lib/python3.9/site-packages/telegram/request/_baserequest.py", line 381, in _request_wrapper
telegram.error.Conflict: Conflict: terminated by other getUpdates request; make sure that only one bot instance is running
2025-07-23 14:26:45,932 - INFO - HTTP Request: POST https://api.telegram.org/bot8132507132:AAHGCXA_fMWIvjOxkeX9ri_nFifM8HXLVdI/getUpdates "HTTP/1.1 409 Conflict"
2025-07-23 14:26:45,932 - ERROR - Error while getting Updates: Conflict: terminated by other getUpdates request; make sure that only one bot instance is running
2025-07-23 14:26:45,933 - ERROR - No error handlers are registered, logging exception.
Traceback (most recent call last):
  File "/Volumes/ARIMA/bot-event/venv/lib/python3.9/site-packages/telegram/ext/_updater.py", line 688, in _network_loop_retry
  File "/Volumes/ARIMA/bot-event/venv/lib/python3.9/site-packages/telegram/ext/_updater.py", line 384, in polling_action_cb
  File "/Volumes/ARIMA/bot-event/venv/lib/python3.9/site-packages/telegram/ext/_updater.py", line 373, in polling_action_cb
  File "/Volumes/ARIMA/bot-event/venv/lib/python3.9/site-packages/telegram/ext/_extbot.py", line 558, in get_updates
  File "/Volumes/ARIMA/bot-event/venv/lib/python3.9/site-packages/telegram/_bot.py", line 525, in decorator
  File "/Volumes/ARIMA/bot-event/venv/lib/python3.9/site-packages/telegram/_bot.py", line 3584, in get_updates
  File "/Volumes/ARIMA/bot-event/venv/lib/python3.9/site-packages/telegram/_bot.py", line 613, in _post
  File "/Volumes/ARIMA/bot-event/venv/lib/python3.9/site-packages/telegram/ext/_extbot.py", line 340, in _do_post
  File "/Volumes/ARIMA/bot-event/venv/lib/python3.9/site-packages/telegram/_bot.py", line 641, in _do_post
  File "/Volumes/ARIMA/bot-event/venv/lib/python3.9/site-packages/telegram/request/_baserequest.py", line 200, in post
  File "/Volumes/ARIMA/bot-event/venv/lib/python3.9/site-packages/telegram/request/_baserequest.py", line 381, in _request_wrapper
telegram.error.Conflict: Conflict: terminated by other getUpdates request; make sure that only one bot instance is running
2025-07-23 14:26:52,689 - INFO - HTTP Request: POST https://api.telegram.org/bot8132507132:AAHGCXA_fMWIvjOxkeX9ri_nFifM8HXLVdI/getUpdates "HTTP/1.1 409 Conflict"
2025-07-23 14:26:52,693 - ERROR - Error while getting Updates: Conflict: terminated by other getUpdates request; make sure that only one bot instance is running
2025-07-23 14:26:52,693 - ERROR - No error handlers are registered, logging exception.
Traceback (most recent call last):
  File "/Volumes/ARIMA/bot-event/venv/lib/python3.9/site-packages/telegram/ext/_updater.py", line 688, in _network_loop_retry
  File "/Volumes/ARIMA/bot-event/venv/lib/python3.9/site-packages/telegram/ext/_updater.py", line 384, in polling_action_cb
  File "/Volumes/ARIMA/bot-event/venv/lib/python3.9/site-packages/telegram/ext/_updater.py", line 373, in polling_action_cb
  File "/Volumes/ARIMA/bot-event/venv/lib/python3.9/site-packages/telegram/ext/_extbot.py", line 558, in get_updates
  File "/Volumes/ARIMA/bot-event/venv/lib/python3.9/site-packages/telegram/_bot.py", line 525, in decorator
  File "/Volumes/ARIMA/bot-event/venv/lib/python3.9/site-packages/telegram/_bot.py", line 3584, in get_updates
  File "/Volumes/ARIMA/bot-event/venv/lib/python3.9/site-packages/telegram/_bot.py", line 613, in _post
  File "/Volumes/ARIMA/bot-event/venv/lib/python3.9/site-packages/telegram/ext/_extbot.py", line 340, in _do_post
  File "/Volumes/ARIMA/bot-event/venv/lib/python3.9/site-packages/telegram/_bot.py", line 641, in _do_post
  File "/Volumes/ARIMA/bot-event/venv/lib/python3.9/site-packages/telegram/request/_baserequest.py", line 200, in post
  File "/Volumes/ARIMA/bot-event/venv/lib/python3.9/site-packages/telegram/request/_baserequest.py", line 381, in _request_wrapper
telegram.error.Conflict: Conflict: terminated by other getUpdates request; make sure that only one bot instance is running
2025-07-23 14:27:02,795 - INFO - HTTP Request: POST https://api.telegram.org/bot8132507132:AAHGCXA_fMWIvjOxkeX9ri_nFifM8HXLVdI/getUpdates "HTTP/1.1 409 Conflict"
2025-07-23 14:27:02,798 - ERROR - Error while getting Updates: Conflict: terminated by other getUpdates request; make sure that only one bot instance is running
2025-07-23 14:27:02,798 - ERROR - No error handlers are registered, logging exception.
Traceback (most recent call last):
  File "/Volumes/ARIMA/bot-event/venv/lib/python3.9/site-packages/telegram/ext/_updater.py", line 688, in _network_loop_retry
  File "/Volumes/ARIMA/bot-event/venv/lib/python3.9/site-packages/telegram/ext/_updater.py", line 384, in polling_action_cb
  File "/Volumes/ARIMA/bot-event/venv/lib/python3.9/site-packages/telegram/ext/_updater.py", line 373, in polling_action_cb
  File "/Volumes/ARIMA/bot-event/venv/lib/python3.9/site-packages/telegram/ext/_extbot.py", line 558, in get_updates
  File "/Volumes/ARIMA/bot-event/venv/lib/python3.9/site-packages/telegram/_bot.py", line 525, in decorator
  File "/Volumes/ARIMA/bot-event/venv/lib/python3.9/site-packages/telegram/_bot.py", line 3584, in get_updates
  File "/Volumes/ARIMA/bot-event/venv/lib/python3.9/site-packages/telegram/_bot.py", line 613, in _post
  File "/Volumes/ARIMA/bot-event/venv/lib/python3.9/site-packages/telegram/ext/_extbot.py", line 340, in _do_post
  File "/Volumes/ARIMA/bot-event/venv/lib/python3.9/site-packages/telegram/_bot.py", line 641, in _do_post
  File "/Volumes/ARIMA/bot-event/venv/lib/python3.9/site-packages/telegram/request/_baserequest.py", line 200, in post
  File "/Volumes/ARIMA/bot-event/venv/lib/python3.9/site-packages/telegram/request/_baserequest.py", line 381, in _request_wrapper
telegram.error.Conflict: Conflict: terminated by other getUpdates request; make sure that only one bot instance is running
2025-07-23 14:27:14,115 - INFO - HTTP Request: POST https://api.telegram.org/bot8132507132:AAHGCXA_fMWIvjOxkeX9ri_nFifM8HXLVdI/getUpdates "HTTP/1.1 409 Conflict"
2025-07-23 14:27:14,130 - ERROR - Error while getting Updates: Conflict: terminated by other getUpdates request; make sure that only one bot instance is running
2025-07-23 14:27:14,131 - ERROR - No error handlers are registered, logging exception.
Traceback (most recent call last):
  File "/Volumes/ARIMA/bot-event/venv/lib/python3.9/site-packages/telegram/ext/_updater.py", line 688, in _network_loop_retry
  File "/Volumes/ARIMA/bot-event/venv/lib/python3.9/site-packages/telegram/ext/_updater.py", line 384, in polling_action_cb
  File "/Volumes/ARIMA/bot-event/venv/lib/python3.9/site-packages/telegram/ext/_updater.py", line 373, in polling_action_cb
  File "/Volumes/ARIMA/bot-event/venv/lib/python3.9/site-packages/telegram/ext/_extbot.py", line 558, in get_updates
  File "/Volumes/ARIMA/bot-event/venv/lib/python3.9/site-packages/telegram/_bot.py", line 525, in decorator
  File "/Volumes/ARIMA/bot-event/venv/lib/python3.9/site-packages/telegram/_bot.py", line 3584, in get_updates
  File "/Volumes/ARIMA/bot-event/venv/lib/python3.9/site-packages/telegram/_bot.py", line 613, in _post
  File "/Volumes/ARIMA/bot-event/venv/lib/python3.9/site-packages/telegram/ext/_extbot.py", line 340, in _do_post
  File "/Volumes/ARIMA/bot-event/venv/lib/python3.9/site-packages/telegram/_bot.py", line 641, in _do_post
  File "/Volumes/ARIMA/bot-event/venv/lib/python3.9/site-packages/telegram/request/_baserequest.py", line 200, in post
  File "/Volumes/ARIMA/bot-event/venv/lib/python3.9/site-packages/telegram/request/_baserequest.py", line 381, in _request_wrapper
telegram.error.Conflict: Conflict: terminated by other getUpdates request; make sure that only one bot instance is running
2025-07-23 14:27:31,173 - INFO - HTTP Request: POST https://api.telegram.org/bot8132507132:AAHGCXA_fMWIvjOxkeX9ri_nFifM8HXLVdI/getUpdates "HTTP/1.1 409 Conflict"
2025-07-23 14:27:31,190 - ERROR - Error while getting Updates: Conflict: terminated by other getUpdates request; make sure that only one bot instance is running
2025-07-23 14:27:31,190 - ERROR - No error handlers are registered, logging exception.
Traceback (most recent call last):
  File "/Volumes/ARIMA/bot-event/venv/lib/python3.9/site-packages/telegram/ext/_updater.py", line 688, in _network_loop_retry
  File "/Volumes/ARIMA/bot-event/venv/lib/python3.9/site-packages/telegram/ext/_updater.py", line 384, in polling_action_cb
  File "/Volumes/ARIMA/bot-event/venv/lib/python3.9/site-packages/telegram/ext/_updater.py", line 373, in polling_action_cb
  File "/Volumes/ARIMA/bot-event/venv/lib/python3.9/site-packages/telegram/ext/_extbot.py", line 558, in get_updates
  File "/Volumes/ARIMA/bot-event/venv/lib/python3.9/site-packages/telegram/_bot.py", line 525, in decorator
  File "/Volumes/ARIMA/bot-event/venv/lib/python3.9/site-packages/telegram/_bot.py", line 3584, in get_updates
  File "/Volumes/ARIMA/bot-event/venv/lib/python3.9/site-packages/telegram/_bot.py", line 613, in _post
  File "/Volumes/ARIMA/bot-event/venv/lib/python3.9/site-packages/telegram/ext/_extbot.py", line 340, in _do_post
  File "/Volumes/ARIMA/bot-event/venv/lib/python3.9/site-packages/telegram/_bot.py", line 641, in _do_post
  File "/Volumes/ARIMA/bot-event/venv/lib/python3.9/site-packages/telegram/request/_baserequest.py", line 200, in post
  File "/Volumes/ARIMA/bot-event/venv/lib/python3.9/site-packages/telegram/request/_baserequest.py", line 381, in _request_wrapper
telegram.error.Conflict: Conflict: terminated by other getUpdates request; make sure that only one bot instance is running
2025-07-23 14:27:52,914 - INFO - HTTP Request: POST https://api.telegram.org/bot8132507132:AAHGCXA_fMWIvjOxkeX9ri_nFifM8HXLVdI/getUpdates "HTTP/1.1 409 Conflict"
2025-07-23 14:27:52,930 - ERROR - Error while getting Updates: Conflict: terminated by other getUpdates request; make sure that only one bot instance is running
2025-07-23 14:27:52,930 - ERROR - No error handlers are registered, logging exception.
Traceback (most recent call last):
  File "/Volumes/ARIMA/bot-event/venv/lib/python3.9/site-packages/telegram/ext/_updater.py", line 688, in _network_loop_retry
  File "/Volumes/ARIMA/bot-event/venv/lib/python3.9/site-packages/telegram/ext/_updater.py", line 384, in polling_action_cb
  File "/Volumes/ARIMA/bot-event/venv/lib/python3.9/site-packages/telegram/ext/_updater.py", line 373, in polling_action_cb
  File "/Volumes/ARIMA/bot-event/venv/lib/python3.9/site-packages/telegram/ext/_extbot.py", line 558, in get_updates
  File "/Volumes/ARIMA/bot-event/venv/lib/python3.9/site-packages/telegram/_bot.py", line 525, in decorator
  File "/Volumes/ARIMA/bot-event/venv/lib/python3.9/site-packages/telegram/_bot.py", line 3584, in get_updates
  File "/Volumes/ARIMA/bot-event/venv/lib/python3.9/site-packages/telegram/_bot.py", line 613, in _post
  File "/Volumes/ARIMA/bot-event/venv/lib/python3.9/site-packages/telegram/ext/_extbot.py", line 340, in _do_post
  File "/Volumes/ARIMA/bot-event/venv/lib/python3.9/site-packages/telegram/_bot.py", line 641, in _do_post
  File "/Volumes/ARIMA/bot-event/venv/lib/python3.9/site-packages/telegram/request/_baserequest.py", line 200, in post
  File "/Volumes/ARIMA/bot-event/venv/lib/python3.9/site-packages/telegram/request/_baserequest.py", line 381, in _request_wrapper
telegram.error.Conflict: Conflict: terminated by other getUpdates request; make sure that only one bot instance is running
2025-07-23 14:28:23,679 - INFO - HTTP Request: POST https://api.telegram.org/bot8132507132:AAHGCXA_fMWIvjOxkeX9ri_nFifM8HXLVdI/getUpdates "HTTP/1.1 409 Conflict"
2025-07-23 14:28:23,680 - ERROR - Error while getting Updates: Conflict: terminated by other getUpdates request; make sure that only one bot instance is running
2025-07-23 14:28:23,681 - ERROR - No error handlers are registered, logging exception.
Traceback (most recent call last):
  File "/Volumes/ARIMA/bot-event/venv/lib/python3.9/site-packages/telegram/ext/_updater.py", line 688, in _network_loop_retry
  File "/Volumes/ARIMA/bot-event/venv/lib/python3.9/site-packages/telegram/ext/_updater.py", line 384, in polling_action_cb
  File "/Volumes/ARIMA/bot-event/venv/lib/python3.9/site-packages/telegram/ext/_updater.py", line 373, in polling_action_cb
  File "/Volumes/ARIMA/bot-event/venv/lib/python3.9/site-packages/telegram/ext/_extbot.py", line 558, in get_updates
  File "/Volumes/ARIMA/bot-event/venv/lib/python3.9/site-packages/telegram/_bot.py", line 525, in decorator
  File "/Volumes/ARIMA/bot-event/venv/lib/python3.9/site-packages/telegram/_bot.py", line 3584, in get_updates
  File "/Volumes/ARIMA/bot-event/venv/lib/python3.9/site-packages/telegram/_bot.py", line 613, in _post
  File "/Volumes/ARIMA/bot-event/venv/lib/python3.9/site-packages/telegram/ext/_extbot.py", line 340, in _do_post
  File "/Volumes/ARIMA/bot-event/venv/lib/python3.9/site-packages/telegram/_bot.py", line 641, in _do_post
  File "/Volumes/ARIMA/bot-event/venv/lib/python3.9/site-packages/telegram/request/_baserequest.py", line 200, in post
  File "/Volumes/ARIMA/bot-event/venv/lib/python3.9/site-packages/telegram/request/_baserequest.py", line 381, in _request_wrapper
telegram.error.Conflict: Conflict: terminated by other getUpdates request; make sure that only one bot instance is running
2025-07-23 14:28:58,823 - INFO - HTTP Request: POST https://api.telegram.org/bot8132507132:AAHGCXA_fMWIvjOxkeX9ri_nFifM8HXLVdI/getUpdates "HTTP/1.1 409 Conflict"
2025-07-23 14:28:58,839 - ERROR - Error while getting Updates: Conflict: terminated by other getUpdates request; make sure that only one bot instance is running
2025-07-23 14:28:58,839 - ERROR - No error handlers are registered, logging exception.
Traceback (most recent call last):
  File "/Volumes/ARIMA/bot-event/venv/lib/python3.9/site-packages/telegram/ext/_updater.py", line 688, in _network_loop_retry
  File "/Volumes/ARIMA/bot-event/venv/lib/python3.9/site-packages/telegram/ext/_updater.py", line 384, in polling_action_cb
  File "/Volumes/ARIMA/bot-event/venv/lib/python3.9/site-packages/telegram/ext/_updater.py", line 373, in polling_action_cb
  File "/Volumes/ARIMA/bot-event/venv/lib/python3.9/site-packages/telegram/ext/_extbot.py", line 558, in get_updates
  File "/Volumes/ARIMA/bot-event/venv/lib/python3.9/site-packages/telegram/_bot.py", line 525, in decorator
  File "/Volumes/ARIMA/bot-event/venv/lib/python3.9/site-packages/telegram/_bot.py", line 3584, in get_updates
  File "/Volumes/ARIMA/bot-event/venv/lib/python3.9/site-packages/telegram/_bot.py", line 613, in _post
  File "/Volumes/ARIMA/bot-event/venv/lib/python3.9/site-packages/telegram/ext/_extbot.py", line 340, in _do_post
  File "/Volumes/ARIMA/bot-event/venv/lib/python3.9/site-packages/telegram/_bot.py", line 641, in _do_post
  File "/Volumes/ARIMA/bot-event/venv/lib/python3.9/site-packages/telegram/request/_baserequest.py", line 200, in post
  File "/Volumes/ARIMA/bot-event/venv/lib/python3.9/site-packages/telegram/request/_baserequest.py", line 381, in _request_wrapper
telegram.error.Conflict: Conflict: terminated by other getUpdates request; make sure that only one bot instance is running
2025-07-23 14:29:32,714 - INFO - HTTP Request: POST https://api.telegram.org/bot8132507132:AAHGCXA_fMWIvjOxkeX9ri_nFifM8HXLVdI/getUpdates "HTTP/1.1 409 Conflict"
2025-07-23 14:29:32,717 - ERROR - Error while getting Updates: Conflict: terminated by other getUpdates request; make sure that only one bot instance is running
2025-07-23 14:29:32,721 - ERROR - No error handlers are registered, logging exception.
Traceback (most recent call last):
  File "/Volumes/ARIMA/bot-event/venv/lib/python3.9/site-packages/telegram/ext/_updater.py", line 688, in _network_loop_retry
  File "/Volumes/ARIMA/bot-event/venv/lib/python3.9/site-packages/telegram/ext/_updater.py", line 384, in polling_action_cb
  File "/Volumes/ARIMA/bot-event/venv/lib/python3.9/site-packages/telegram/ext/_updater.py", line 373, in polling_action_cb
  File "/Volumes/ARIMA/bot-event/venv/lib/python3.9/site-packages/telegram/ext/_extbot.py", line 558, in get_updates
  File "/Volumes/ARIMA/bot-event/venv/lib/python3.9/site-packages/telegram/_bot.py", line 525, in decorator
  File "/Volumes/ARIMA/bot-event/venv/lib/python3.9/site-packages/telegram/_bot.py", line 3584, in get_updates
  File "/Volumes/ARIMA/bot-event/venv/lib/python3.9/site-packages/telegram/_bot.py", line 613, in _post
  File "/Volumes/ARIMA/bot-event/venv/lib/python3.9/site-packages/telegram/ext/_extbot.py", line 340, in _do_post
  File "/Volumes/ARIMA/bot-event/venv/lib/python3.9/site-packages/telegram/_bot.py", line 641, in _do_post
  File "/Volumes/ARIMA/bot-event/venv/lib/python3.9/site-packages/telegram/request/_baserequest.py", line 200, in post
  File "/Volumes/ARIMA/bot-event/venv/lib/python3.9/site-packages/telegram/request/_baserequest.py", line 381, in _request_wrapper
telegram.error.Conflict: Conflict: terminated by other getUpdates request; make sure that only one bot instance is running
2025-07-23 14:30:09,806 - INFO - HTTP Request: POST https://api.telegram.org/bot8132507132:AAHGCXA_fMWIvjOxkeX9ri_nFifM8HXLVdI/getUpdates "HTTP/1.1 409 Conflict"
2025-07-23 14:30:09,822 - ERROR - Error while getting Updates: Conflict: terminated by other getUpdates request; make sure that only one bot instance is running
2025-07-23 14:30:09,823 - ERROR - No error handlers are registered, logging exception.
Traceback (most recent call last):
  File "/Volumes/ARIMA/bot-event/venv/lib/python3.9/site-packages/telegram/ext/_updater.py", line 688, in _network_loop_retry
  File "/Volumes/ARIMA/bot-event/venv/lib/python3.9/site-packages/telegram/ext/_updater.py", line 384, in polling_action_cb
  File "/Volumes/ARIMA/bot-event/venv/lib/python3.9/site-packages/telegram/ext/_updater.py", line 373, in polling_action_cb
  File "/Volumes/ARIMA/bot-event/venv/lib/python3.9/site-packages/telegram/ext/_extbot.py", line 558, in get_updates
  File "/Volumes/ARIMA/bot-event/venv/lib/python3.9/site-packages/telegram/_bot.py", line 525, in decorator
  File "/Volumes/ARIMA/bot-event/venv/lib/python3.9/site-packages/telegram/_bot.py", line 3584, in get_updates
  File "/Volumes/ARIMA/bot-event/venv/lib/python3.9/site-packages/telegram/_bot.py", line 613, in _post
  File "/Volumes/ARIMA/bot-event/venv/lib/python3.9/site-packages/telegram/ext/_extbot.py", line 340, in _do_post
  File "/Volumes/ARIMA/bot-event/venv/lib/python3.9/site-packages/telegram/_bot.py", line 641, in _do_post
  File "/Volumes/ARIMA/bot-event/venv/lib/python3.9/site-packages/telegram/request/_baserequest.py", line 200, in post
  File "/Volumes/ARIMA/bot-event/venv/lib/python3.9/site-packages/telegram/request/_baserequest.py", line 381, in _request_wrapper
telegram.error.Conflict: Conflict: terminated by other getUpdates request; make sure that only one bot instance is running
2025-07-23 14:30:46,613 - INFO - HTTP Request: POST https://api.telegram.org/bot8132507132:AAHGCXA_fMWIvjOxkeX9ri_nFifM8HXLVdI/getUpdates "HTTP/1.1 409 Conflict"
2025-07-23 14:30:46,629 - ERROR - Error while getting Updates: Conflict: terminated by other getUpdates request; make sure that only one bot instance is running
2025-07-23 14:30:46,629 - ERROR - No error handlers are registered, logging exception.
Traceback (most recent call last):
  File "/Volumes/ARIMA/bot-event/venv/lib/python3.9/site-packages/telegram/ext/_updater.py", line 688, in _network_loop_retry
  File "/Volumes/ARIMA/bot-event/venv/lib/python3.9/site-packages/telegram/ext/_updater.py", line 384, in polling_action_cb
  File "/Volumes/ARIMA/bot-event/venv/lib/python3.9/site-packages/telegram/ext/_updater.py", line 373, in polling_action_cb
  File "/Volumes/ARIMA/bot-event/venv/lib/python3.9/site-packages/telegram/ext/_extbot.py", line 558, in get_updates
  File "/Volumes/ARIMA/bot-event/venv/lib/python3.9/site-packages/telegram/_bot.py", line 525, in decorator
  File "/Volumes/ARIMA/bot-event/venv/lib/python3.9/site-packages/telegram/_bot.py", line 3584, in get_updates
  File "/Volumes/ARIMA/bot-event/venv/lib/python3.9/site-packages/telegram/_bot.py", line 613, in _post
  File "/Volumes/ARIMA/bot-event/venv/lib/python3.9/site-packages/telegram/ext/_extbot.py", line 340, in _do_post
  File "/Volumes/ARIMA/bot-event/venv/lib/python3.9/site-packages/telegram/_bot.py", line 641, in _do_post
  File "/Volumes/ARIMA/bot-event/venv/lib/python3.9/site-packages/telegram/request/_baserequest.py", line 200, in post
  File "/Volumes/ARIMA/bot-event/venv/lib/python3.9/site-packages/telegram/request/_baserequest.py", line 381, in _request_wrapper
telegram.error.Conflict: Conflict: terminated by other getUpdates request; make sure that only one bot instance is running
2025-07-23 14:31:21,247 - INFO - HTTP Request: POST https://api.telegram.org/bot8132507132:AAHGCXA_fMWIvjOxkeX9ri_nFifM8HXLVdI/getUpdates "HTTP/1.1 409 Conflict"
2025-07-23 14:31:21,247 - ERROR - Error while getting Updates: Conflict: terminated by other getUpdates request; make sure that only one bot instance is running
2025-07-23 14:31:21,247 - ERROR - No error handlers are registered, logging exception.
Traceback (most recent call last):
  File "/Volumes/ARIMA/bot-event/venv/lib/python3.9/site-packages/telegram/ext/_updater.py", line 688, in _network_loop_retry
  File "/Volumes/ARIMA/bot-event/venv/lib/python3.9/site-packages/telegram/ext/_updater.py", line 384, in polling_action_cb
  File "/Volumes/ARIMA/bot-event/venv/lib/python3.9/site-packages/telegram/ext/_updater.py", line 373, in polling_action_cb
  File "/Volumes/ARIMA/bot-event/venv/lib/python3.9/site-packages/telegram/ext/_extbot.py", line 558, in get_updates
  File "/Volumes/ARIMA/bot-event/venv/lib/python3.9/site-packages/telegram/_bot.py", line 525, in decorator
  File "/Volumes/ARIMA/bot-event/venv/lib/python3.9/site-packages/telegram/_bot.py", line 3584, in get_updates
  File "/Volumes/ARIMA/bot-event/venv/lib/python3.9/site-packages/telegram/_bot.py", line 613, in _post
  File "/Volumes/ARIMA/bot-event/venv/lib/python3.9/site-packages/telegram/ext/_extbot.py", line 340, in _do_post
  File "/Volumes/ARIMA/bot-event/venv/lib/python3.9/site-packages/telegram/_bot.py", line 641, in _do_post
  File "/Volumes/ARIMA/bot-event/venv/lib/python3.9/site-packages/telegram/request/_baserequest.py", line 200, in post
  File "/Volumes/ARIMA/bot-event/venv/lib/python3.9/site-packages/telegram/request/_baserequest.py", line 381, in _request_wrapper
telegram.error.Conflict: Conflict: terminated by other getUpdates request; make sure that only one bot instance is running
2025-07-23 14:31:51,963 - INFO - HTTP Request: POST https://api.telegram.org/bot8132507132:AAHGCXA_fMWIvjOxkeX9ri_nFifM8HXLVdI/getUpdates "HTTP/1.1 200 OK"
2025-07-23 14:31:52,512 - INFO - HTTP Request: POST https://api.telegram.org/bot8132507132:AAHGCXA_fMWIvjOxkeX9ri_nFifM8HXLVdI/sendMessage "HTTP/1.1 200 OK"
2025-07-23 14:31:55,899 - INFO - HTTP Request: POST https://api.telegram.org/bot8132507132:AAHGCXA_fMWIvjOxkeX9ri_nFifM8HXLVdI/getUpdates "HTTP/1.1 409 Conflict"
2025-07-23 14:31:55,900 - ERROR - Error while getting Updates: Conflict: terminated by other getUpdates request; make sure that only one bot instance is running
2025-07-23 14:31:55,900 - ERROR - No error handlers are registered, logging exception.
Traceback (most recent call last):
  File "/Volumes/ARIMA/bot-event/venv/lib/python3.9/site-packages/telegram/ext/_updater.py", line 688, in _network_loop_retry
  File "/Volumes/ARIMA/bot-event/venv/lib/python3.9/site-packages/telegram/ext/_updater.py", line 384, in polling_action_cb
  File "/Volumes/ARIMA/bot-event/venv/lib/python3.9/site-packages/telegram/ext/_updater.py", line 373, in polling_action_cb
  File "/Volumes/ARIMA/bot-event/venv/lib/python3.9/site-packages/telegram/ext/_extbot.py", line 558, in get_updates
  File "/Volumes/ARIMA/bot-event/venv/lib/python3.9/site-packages/telegram/_bot.py", line 525, in decorator
  File "/Volumes/ARIMA/bot-event/venv/lib/python3.9/site-packages/telegram/_bot.py", line 3584, in get_updates
  File "/Volumes/ARIMA/bot-event/venv/lib/python3.9/site-packages/telegram/_bot.py", line 613, in _post
  File "/Volumes/ARIMA/bot-event/venv/lib/python3.9/site-packages/telegram/ext/_extbot.py", line 340, in _do_post
  File "/Volumes/ARIMA/bot-event/venv/lib/python3.9/site-packages/telegram/_bot.py", line 641, in _do_post
  File "/Volumes/ARIMA/bot-event/venv/lib/python3.9/site-packages/telegram/request/_baserequest.py", line 200, in post
  File "/Volumes/ARIMA/bot-event/venv/lib/python3.9/site-packages/telegram/request/_baserequest.py", line 381, in _request_wrapper
telegram.error.Conflict: Conflict: terminated by other getUpdates request; make sure that only one bot instance is running
2025-07-23 14:31:57,015 - INFO - HTTP Request: POST https://api.telegram.org/bot8132507132:AAHGCXA_fMWIvjOxkeX9ri_nFifM8HXLVdI/getUpdates "HTTP/1.1 200 OK"
2025-07-23 14:31:57,018 - INFO - handle_event_selection: callback_data=event_83 user_id=6834788132 context.user_data={}
2025-07-23 14:31:57,221 - INFO - HTTP Request: POST https://api.telegram.org/bot8132507132:AAHGCXA_fMWIvjOxkeX9ri_nFifM8HXLVdI/answerCallbackQuery "HTTP/1.1 200 OK"
2025-07-23 14:31:57,223 - INFO - [render_event_card] event_id=83, user_id=6834788132, chat_id=-4639146753, is_private=False
2025-07-23 14:31:57,226 - INFO - [render_event_card] creator_id=398783184, ADMIN_ID=398783184
2025-07-23 14:31:57,230 - INFO - [render_event_card] show_admin_buttons=False (user_id=6834788132, creator_id=398783184, ADMIN_ID=398783184, is_private=False)
2025-07-23 14:31:57,383 - INFO - HTTP Request: POST https://api.telegram.org/bot8132507132:AAHGCXA_fMWIvjOxkeX9ri_nFifM8HXLVdI/editMessageText "HTTP/1.1 200 OK"
2025-07-23 14:31:59,066 - INFO - HTTP Request: POST https://api.telegram.org/bot8132507132:AAHGCXA_fMWIvjOxkeX9ri_nFifM8HXLVdI/getUpdates "HTTP/1.1 200 OK"
2025-07-23 14:31:59,083 - INFO - handle_event_selection: callback_data=vote_yes_83 user_id=6834788132 context.user_data={}
2025-07-23 14:31:59,320 - INFO - HTTP Request: POST https://api.telegram.org/bot8132507132:AAHGCXA_fMWIvjOxkeX9ri_nFifM8HXLVdI/answerCallbackQuery "HTTP/1.1 200 OK"
2025-07-23 14:31:59,321 - INFO - get_event_for_user_or_admin: db.get_event(83, 6834788132) -> None
2025-07-23 14:31:59,322 - INFO - get_event_for_user_or_admin: SELECT ... FROM events WHERE id=83 -> (83, 'Встреча друзей 5', '', 398783184, '2025-08-01', 13, '2025-07-23 11:14:17', -4639146753)
2025-07-23 14:31:59,492 - INFO - HTTP Request: POST https://api.telegram.org/bot8132507132:AAHGCXA_fMWIvjOxkeX9ri_nFifM8HXLVdI/answerCallbackQuery "HTTP/1.1 200 OK"
2025-07-23 14:32:00,360 - INFO - HTTP Request: POST https://api.telegram.org/bot8132507132:AAHGCXA_fMWIvjOxkeX9ri_nFifM8HXLVdI/getUpdates "HTTP/1.1 200 OK"
2025-07-23 14:32:00,364 - INFO - handle_event_selection: callback_data=vote_yes_83 user_id=6834788132 context.user_data={}
2025-07-23 14:32:00,525 - INFO - HTTP Request: POST https://api.telegram.org/bot8132507132:AAHGCXA_fMWIvjOxkeX9ri_nFifM8HXLVdI/answerCallbackQuery "HTTP/1.1 200 OK"
2025-07-23 14:32:00,528 - INFO - get_event_for_user_or_admin: db.get_event(83, 6834788132) -> None
2025-07-23 14:32:00,529 - INFO - get_event_for_user_or_admin: SELECT ... FROM events WHERE id=83 -> (83, 'Встреча друзей 5', '', 398783184, '2025-08-01', 13, '2025-07-23 11:14:17', -4639146753)
2025-07-23 14:32:00,648 - INFO - HTTP Request: POST https://api.telegram.org/bot8132507132:AAHGCXA_fMWIvjOxkeX9ri_nFifM8HXLVdI/answerCallbackQuery "HTTP/1.1 200 OK"
2025-07-23 14:32:01,326 - INFO - HTTP Request: POST https://api.telegram.org/bot8132507132:AAHGCXA_fMWIvjOxkeX9ri_nFifM8HXLVdI/getUpdates "HTTP/1.1 409 Conflict"
2025-07-23 14:32:01,328 - ERROR - Error while getting Updates: Conflict: terminated by other getUpdates request; make sure that only one bot instance is running
2025-07-23 14:32:01,328 - ERROR - No error handlers are registered, logging exception.
Traceback (most recent call last):
  File "/Volumes/ARIMA/bot-event/venv/lib/python3.9/site-packages/telegram/ext/_updater.py", line 688, in _network_loop_retry
  File "/Volumes/ARIMA/bot-event/venv/lib/python3.9/site-packages/telegram/ext/_updater.py", line 384, in polling_action_cb
  File "/Volumes/ARIMA/bot-event/venv/lib/python3.9/site-packages/telegram/ext/_updater.py", line 373, in polling_action_cb
  File "/Volumes/ARIMA/bot-event/venv/lib/python3.9/site-packages/telegram/ext/_extbot.py", line 558, in get_updates
  File "/Volumes/ARIMA/bot-event/venv/lib/python3.9/site-packages/telegram/_bot.py", line 525, in decorator
  File "/Volumes/ARIMA/bot-event/venv/lib/python3.9/site-packages/telegram/_bot.py", line 3584, in get_updates
  File "/Volumes/ARIMA/bot-event/venv/lib/python3.9/site-packages/telegram/_bot.py", line 613, in _post
  File "/Volumes/ARIMA/bot-event/venv/lib/python3.9/site-packages/telegram/ext/_extbot.py", line 340, in _do_post
  File "/Volumes/ARIMA/bot-event/venv/lib/python3.9/site-packages/telegram/_bot.py", line 641, in _do_post
  File "/Volumes/ARIMA/bot-event/venv/lib/python3.9/site-packages/telegram/request/_baserequest.py", line 200, in post
  File "/Volumes/ARIMA/bot-event/venv/lib/python3.9/site-packages/telegram/request/_baserequest.py", line 381, in _request_wrapper
telegram.error.Conflict: Conflict: terminated by other getUpdates request; make sure that only one bot instance is running
2025-07-23 14:32:02,982 - INFO - HTTP Request: POST https://api.telegram.org/bot8132507132:AAHGCXA_fMWIvjOxkeX9ri_nFifM8HXLVdI/getUpdates "HTTP/1.1 200 OK"
2025-07-23 14:32:02,987 - INFO - handle_event_selection: callback_data=vote_no_83 user_id=6834788132 context.user_data={}
2025-07-23 14:32:03,145 - INFO - HTTP Request: POST https://api.telegram.org/bot8132507132:AAHGCXA_fMWIvjOxkeX9ri_nFifM8HXLVdI/answerCallbackQuery "HTTP/1.1 200 OK"
2025-07-23 14:32:03,167 - INFO - [render_event_card] event_id=83, user_id=6834788132, chat_id=-4639146753, is_private=False
2025-07-23 14:32:03,168 - INFO - [render_event_card] creator_id=398783184, ADMIN_ID=398783184
2025-07-23 14:32:03,170 - INFO - [render_event_card] show_admin_buttons=False (user_id=6834788132, creator_id=398783184, ADMIN_ID=398783184, is_private=False)
2025-07-23 14:32:03,335 - INFO - HTTP Request: POST https://api.telegram.org/bot8132507132:AAHGCXA_fMWIvjOxkeX9ri_nFifM8HXLVdI/editMessageText "HTTP/1.1 200 OK"
2025-07-23 14:32:06,549 - INFO - HTTP Request: POST https://api.telegram.org/bot8132507132:AAHGCXA_fMWIvjOxkeX9ri_nFifM8HXLVdI/getUpdates "HTTP/1.1 409 Conflict"
2025-07-23 14:32:06,554 - ERROR - Error while getting Updates: Conflict: terminated by other getUpdates request; make sure that only one bot instance is running
2025-07-23 14:32:06,554 - ERROR - No error handlers are registered, logging exception.
Traceback (most recent call last):
  File "/Volumes/ARIMA/bot-event/venv/lib/python3.9/site-packages/telegram/ext/_updater.py", line 688, in _network_loop_retry
  File "/Volumes/ARIMA/bot-event/venv/lib/python3.9/site-packages/telegram/ext/_updater.py", line 384, in polling_action_cb
  File "/Volumes/ARIMA/bot-event/venv/lib/python3.9/site-packages/telegram/ext/_updater.py", line 373, in polling_action_cb
  File "/Volumes/ARIMA/bot-event/venv/lib/python3.9/site-packages/telegram/ext/_extbot.py", line 558, in get_updates
  File "/Volumes/ARIMA/bot-event/venv/lib/python3.9/site-packages/telegram/_bot.py", line 525, in decorator
  File "/Volumes/ARIMA/bot-event/venv/lib/python3.9/site-packages/telegram/_bot.py", line 3584, in get_updates
  File "/Volumes/ARIMA/bot-event/venv/lib/python3.9/site-packages/telegram/_bot.py", line 613, in _post
  File "/Volumes/ARIMA/bot-event/venv/lib/python3.9/site-packages/telegram/ext/_extbot.py", line 340, in _do_post
  File "/Volumes/ARIMA/bot-event/venv/lib/python3.9/site-packages/telegram/_bot.py", line 641, in _do_post
  File "/Volumes/ARIMA/bot-event/venv/lib/python3.9/site-packages/telegram/request/_baserequest.py", line 200, in post
  File "/Volumes/ARIMA/bot-event/venv/lib/python3.9/site-packages/telegram/request/_baserequest.py", line 381, in _request_wrapper
telegram.error.Conflict: Conflict: terminated by other getUpdates request; make sure that only one bot instance is running
2025-07-23 14:32:12,320 - INFO - HTTP Request: POST https://api.telegram.org/bot8132507132:AAHGCXA_fMWIvjOxkeX9ri_nFifM8HXLVdI/getUpdates "HTTP/1.1 409 Conflict"
2025-07-23 14:32:12,321 - ERROR - Error while getting Updates: Conflict: terminated by other getUpdates request; make sure that only one bot instance is running
2025-07-23 14:32:12,321 - ERROR - No error handlers are registered, logging exception.
Traceback (most recent call last):
  File "/Volumes/ARIMA/bot-event/venv/lib/python3.9/site-packages/telegram/ext/_updater.py", line 688, in _network_loop_retry
  File "/Volumes/ARIMA/bot-event/venv/lib/python3.9/site-packages/telegram/ext/_updater.py", line 384, in polling_action_cb
  File "/Volumes/ARIMA/bot-event/venv/lib/python3.9/site-packages/telegram/ext/_updater.py", line 373, in polling_action_cb
  File "/Volumes/ARIMA/bot-event/venv/lib/python3.9/site-packages/telegram/ext/_extbot.py", line 558, in get_updates
  File "/Volumes/ARIMA/bot-event/venv/lib/python3.9/site-packages/telegram/_bot.py", line 525, in decorator
  File "/Volumes/ARIMA/bot-event/venv/lib/python3.9/site-packages/telegram/_bot.py", line 3584, in get_updates
  File "/Volumes/ARIMA/bot-event/venv/lib/python3.9/site-packages/telegram/_bot.py", line 613, in _post
  File "/Volumes/ARIMA/bot-event/venv/lib/python3.9/site-packages/telegram/ext/_extbot.py", line 340, in _do_post
  File "/Volumes/ARIMA/bot-event/venv/lib/python3.9/site-packages/telegram/_bot.py", line 641, in _do_post
  File "/Volumes/ARIMA/bot-event/venv/lib/python3.9/site-packages/telegram/request/_baserequest.py", line 200, in post
  File "/Volumes/ARIMA/bot-event/venv/lib/python3.9/site-packages/telegram/request/_baserequest.py", line 381, in _request_wrapper
telegram.error.Conflict: Conflict: terminated by other getUpdates request; make sure that only one bot instance is running
2025-07-23 14:32:18,476 - INFO - HTTP Request: POST https://api.telegram.org/bot8132507132:AAHGCXA_fMWIvjOxkeX9ri_nFifM8HXLVdI/getUpdates "HTTP/1.1 409 Conflict"
2025-07-23 14:32:18,492 - ERROR - Error while getting Updates: Conflict: terminated by other getUpdates request; make sure that only one bot instance is running
2025-07-23 14:32:18,492 - ERROR - No error handlers are registered, logging exception.
Traceback (most recent call last):
  File "/Volumes/ARIMA/bot-event/venv/lib/python3.9/site-packages/telegram/ext/_updater.py", line 688, in _network_loop_retry
  File "/Volumes/ARIMA/bot-event/venv/lib/python3.9/site-packages/telegram/ext/_updater.py", line 384, in polling_action_cb
  File "/Volumes/ARIMA/bot-event/venv/lib/python3.9/site-packages/telegram/ext/_updater.py", line 373, in polling_action_cb
  File "/Volumes/ARIMA/bot-event/venv/lib/python3.9/site-packages/telegram/ext/_extbot.py", line 558, in get_updates
  File "/Volumes/ARIMA/bot-event/venv/lib/python3.9/site-packages/telegram/_bot.py", line 525, in decorator
  File "/Volumes/ARIMA/bot-event/venv/lib/python3.9/site-packages/telegram/_bot.py", line 3584, in get_updates
  File "/Volumes/ARIMA/bot-event/venv/lib/python3.9/site-packages/telegram/_bot.py", line 613, in _post
  File "/Volumes/ARIMA/bot-event/venv/lib/python3.9/site-packages/telegram/ext/_extbot.py", line 340, in _do_post
  File "/Volumes/ARIMA/bot-event/venv/lib/python3.9/site-packages/telegram/_bot.py", line 641, in _do_post
  File "/Volumes/ARIMA/bot-event/venv/lib/python3.9/site-packages/telegram/request/_baserequest.py", line 200, in post
  File "/Volumes/ARIMA/bot-event/venv/lib/python3.9/site-packages/telegram/request/_baserequest.py", line 381, in _request_wrapper
telegram.error.Conflict: Conflict: terminated by other getUpdates request; make sure that only one bot instance is running
2025-07-23 14:32:23,505 - INFO - HTTP Request: POST https://api.telegram.org/bot8132507132:AAHGCXA_fMWIvjOxkeX9ri_nFifM8HXLVdI/getUpdates "HTTP/1.1 200 OK"
2025-07-23 14:32:23,522 - INFO - handle_event_selection: callback_data=back_to_events user_id=398783184 context.user_data={}
2025-07-23 14:32:23,992 - INFO - HTTP Request: POST https://api.telegram.org/bot8132507132:AAHGCXA_fMWIvjOxkeX9ri_nFifM8HXLVdI/answerCallbackQuery "HTTP/1.1 200 OK"
2025-07-23 14:32:24,120 - INFO - HTTP Request: POST https://api.telegram.org/bot8132507132:AAHGCXA_fMWIvjOxkeX9ri_nFifM8HXLVdI/deleteMessage "HTTP/1.1 200 OK"
2025-07-23 14:32:24,232 - INFO - HTTP Request: POST https://api.telegram.org/bot8132507132:AAHGCXA_fMWIvjOxkeX9ri_nFifM8HXLVdI/sendMessage "HTTP/1.1 400 Bad Request"
2025-07-23 14:32:24,234 - ERROR - No error handlers are registered, logging exception.
Traceback (most recent call last):
  File "/Volumes/ARIMA/bot-event/venv/lib/python3.9/site-packages/telegram/ext/_application.py", line 1234, in process_update
  File "/Volumes/ARIMA/bot-event/venv/lib/python3.9/site-packages/telegram/ext/_basehandler.py", line 157, in handle_update
  File "/Volumes/ARIMA/bot-event/event_voting_bot/bot.py", line 525, in handle_event_selection
    keyboard = []
  File "/Volumes/ARIMA/bot-event/venv/lib/python3.9/site-packages/telegram/_message.py", line 1094, in reply_text
  File "/Volumes/ARIMA/bot-event/venv/lib/python3.9/site-packages/telegram/ext/_extbot.py", line 2624, in send_message
  File "/Volumes/ARIMA/bot-event/venv/lib/python3.9/site-packages/telegram/_bot.py", line 525, in decorator
  File "/Volumes/ARIMA/bot-event/venv/lib/python3.9/site-packages/telegram/_bot.py", line 846, in send_message
  File "/Volumes/ARIMA/bot-event/venv/lib/python3.9/site-packages/telegram/ext/_extbot.py", line 522, in _send_message
  File "/Volumes/ARIMA/bot-event/venv/lib/python3.9/site-packages/telegram/_bot.py", line 703, in _send_message
  File "/Volumes/ARIMA/bot-event/venv/lib/python3.9/site-packages/telegram/_bot.py", line 613, in _post
  File "/Volumes/ARIMA/bot-event/venv/lib/python3.9/site-packages/telegram/ext/_extbot.py", line 340, in _do_post
  File "/Volumes/ARIMA/bot-event/venv/lib/python3.9/site-packages/telegram/_bot.py", line 641, in _do_post
  File "/Volumes/ARIMA/bot-event/venv/lib/python3.9/site-packages/telegram/request/_baserequest.py", line 200, in post
  File "/Volumes/ARIMA/bot-event/venv/lib/python3.9/site-packages/telegram/request/_baserequest.py", line 379, in _request_wrapper
telegram.error.BadRequest: Message to be replied not found
2025-07-23 14:32:26,104 - INFO - HTTP Request: POST https://api.telegram.org/bot8132507132:AAHGCXA_fMWIvjOxkeX9ri_nFifM8HXLVdI/getUpdates "HTTP/1.1 200 OK"
2025-07-23 14:32:26,322 - INFO - HTTP Request: POST https://api.telegram.org/bot8132507132:AAHGCXA_fMWIvjOxkeX9ri_nFifM8HXLVdI/sendMessage "HTTP/1.1 200 OK"
2025-07-23 14:32:27,348 - INFO - HTTP Request: POST https://api.telegram.org/bot8132507132:AAHGCXA_fMWIvjOxkeX9ri_nFifM8HXLVdI/getUpdates "HTTP/1.1 409 Conflict"
2025-07-23 14:32:27,350 - ERROR - Error while getting Updates: Conflict: terminated by other getUpdates request; make sure that only one bot instance is running
2025-07-23 14:32:27,350 - ERROR - No error handlers are registered, logging exception.
Traceback (most recent call last):
  File "/Volumes/ARIMA/bot-event/venv/lib/python3.9/site-packages/telegram/ext/_updater.py", line 688, in _network_loop_retry
  File "/Volumes/ARIMA/bot-event/venv/lib/python3.9/site-packages/telegram/ext/_updater.py", line 384, in polling_action_cb
  File "/Volumes/ARIMA/bot-event/venv/lib/python3.9/site-packages/telegram/ext/_updater.py", line 373, in polling_action_cb
  File "/Volumes/ARIMA/bot-event/venv/lib/python3.9/site-packages/telegram/ext/_extbot.py", line 558, in get_updates
  File "/Volumes/ARIMA/bot-event/venv/lib/python3.9/site-packages/telegram/_bot.py", line 525, in decorator
  File "/Volumes/ARIMA/bot-event/venv/lib/python3.9/site-packages/telegram/_bot.py", line 3584, in get_updates
  File "/Volumes/ARIMA/bot-event/venv/lib/python3.9/site-packages/telegram/_bot.py", line 613, in _post
  File "/Volumes/ARIMA/bot-event/venv/lib/python3.9/site-packages/telegram/ext/_extbot.py", line 340, in _do_post
  File "/Volumes/ARIMA/bot-event/venv/lib/python3.9/site-packages/telegram/_bot.py", line 641, in _do_post
  File "/Volumes/ARIMA/bot-event/venv/lib/python3.9/site-packages/telegram/request/_baserequest.py", line 200, in post
  File "/Volumes/ARIMA/bot-event/venv/lib/python3.9/site-packages/telegram/request/_baserequest.py", line 381, in _request_wrapper
telegram.error.Conflict: Conflict: terminated by other getUpdates request; make sure that only one bot instance is running
2025-07-23 14:32:33,070 - INFO - HTTP Request: POST https://api.telegram.org/bot8132507132:AAHGCXA_fMWIvjOxkeX9ri_nFifM8HXLVdI/getUpdates "HTTP/1.1 409 Conflict"
2025-07-23 14:32:33,075 - ERROR - Error while getting Updates: Conflict: terminated by other getUpdates request; make sure that only one bot instance is running
2025-07-23 14:32:33,076 - ERROR - No error handlers are registered, logging exception.
Traceback (most recent call last):
  File "/Volumes/ARIMA/bot-event/venv/lib/python3.9/site-packages/telegram/ext/_updater.py", line 688, in _network_loop_retry
  File "/Volumes/ARIMA/bot-event/venv/lib/python3.9/site-packages/telegram/ext/_updater.py", line 384, in polling_action_cb
  File "/Volumes/ARIMA/bot-event/venv/lib/python3.9/site-packages/telegram/ext/_updater.py", line 373, in polling_action_cb
  File "/Volumes/ARIMA/bot-event/venv/lib/python3.9/site-packages/telegram/ext/_extbot.py", line 558, in get_updates
  File "/Volumes/ARIMA/bot-event/venv/lib/python3.9/site-packages/telegram/_bot.py", line 525, in decorator
  File "/Volumes/ARIMA/bot-event/venv/lib/python3.9/site-packages/telegram/_bot.py", line 3584, in get_updates
  File "/Volumes/ARIMA/bot-event/venv/lib/python3.9/site-packages/telegram/_bot.py", line 613, in _post
  File "/Volumes/ARIMA/bot-event/venv/lib/python3.9/site-packages/telegram/ext/_extbot.py", line 340, in _do_post
  File "/Volumes/ARIMA/bot-event/venv/lib/python3.9/site-packages/telegram/_bot.py", line 641, in _do_post
  File "/Volumes/ARIMA/bot-event/venv/lib/python3.9/site-packages/telegram/request/_baserequest.py", line 200, in post
  File "/Volumes/ARIMA/bot-event/venv/lib/python3.9/site-packages/telegram/request/_baserequest.py", line 381, in _request_wrapper
telegram.error.Conflict: Conflict: terminated by other getUpdates request; make sure that only one bot instance is running
2025-07-23 14:32:35,563 - INFO - HTTP Request: POST https://api.telegram.org/bot8132507132:AAHGCXA_fMWIvjOxkeX9ri_nFifM8HXLVdI/getUpdates "HTTP/1.1 200 OK"
2025-07-23 14:32:35,567 - INFO - handle_event_selection: callback_data=vote_yes_83 user_id=398783184 context.user_data={}
2025-07-23 14:32:36,183 - INFO - HTTP Request: POST https://api.telegram.org/bot8132507132:AAHGCXA_fMWIvjOxkeX9ri_nFifM8HXLVdI/answerCallbackQuery "HTTP/1.1 200 OK"
2025-07-23 14:32:36,185 - INFO - get_event_for_user_or_admin: db.get_event(83, 398783184) -> None
2025-07-23 14:32:36,185 - INFO - get_event_for_user_or_admin: SELECT ... FROM events WHERE id=83 -> (83, 'Встреча друзей 5', '', 398783184, '2025-08-01', 13, '2025-07-23 11:14:17', -4639146753)
2025-07-23 14:32:36,185 - ERROR - No error handlers are registered, logging exception.
Traceback (most recent call last):
  File "/Volumes/ARIMA/bot-event/venv/lib/python3.9/site-packages/telegram/ext/_application.py", line 1234, in process_update
  File "/Volumes/ARIMA/bot-event/venv/lib/python3.9/site-packages/telegram/ext/_basehandler.py", line 157, in handle_update
  File "/Volumes/ARIMA/bot-event/event_voting_bot/bot.py", line 409, in handle_event_selection
    return
ValueError: too many values to unpack (expected 7)
2025-07-23 14:32:39,108 - INFO - HTTP Request: POST https://api.telegram.org/bot8132507132:AAHGCXA_fMWIvjOxkeX9ri_nFifM8HXLVdI/getUpdates "HTTP/1.1 409 Conflict"
2025-07-23 14:32:39,110 - ERROR - Error while getting Updates: Conflict: terminated by other getUpdates request; make sure that only one bot instance is running
2025-07-23 14:32:39,110 - ERROR - No error handlers are registered, logging exception.
Traceback (most recent call last):
  File "/Volumes/ARIMA/bot-event/venv/lib/python3.9/site-packages/telegram/ext/_updater.py", line 688, in _network_loop_retry
  File "/Volumes/ARIMA/bot-event/venv/lib/python3.9/site-packages/telegram/ext/_updater.py", line 384, in polling_action_cb
  File "/Volumes/ARIMA/bot-event/venv/lib/python3.9/site-packages/telegram/ext/_updater.py", line 373, in polling_action_cb
  File "/Volumes/ARIMA/bot-event/venv/lib/python3.9/site-packages/telegram/ext/_extbot.py", line 558, in get_updates
  File "/Volumes/ARIMA/bot-event/venv/lib/python3.9/site-packages/telegram/_bot.py", line 525, in decorator
  File "/Volumes/ARIMA/bot-event/venv/lib/python3.9/site-packages/telegram/_bot.py", line 3584, in get_updates
  File "/Volumes/ARIMA/bot-event/venv/lib/python3.9/site-packages/telegram/_bot.py", line 613, in _post
  File "/Volumes/ARIMA/bot-event/venv/lib/python3.9/site-packages/telegram/ext/_extbot.py", line 340, in _do_post
  File "/Volumes/ARIMA/bot-event/venv/lib/python3.9/site-packages/telegram/_bot.py", line 641, in _do_post
  File "/Volumes/ARIMA/bot-event/venv/lib/python3.9/site-packages/telegram/request/_baserequest.py", line 200, in post
  File "/Volumes/ARIMA/bot-event/venv/lib/python3.9/site-packages/telegram/request/_baserequest.py", line 381, in _request_wrapper
telegram.error.Conflict: Conflict: terminated by other getUpdates request; make sure that only one bot instance is running
2025-07-23 14:32:44,340 - INFO - HTTP Request: POST https://api.telegram.org/bot8132507132:AAHGCXA_fMWIvjOxkeX9ri_nFifM8HXLVdI/getUpdates "HTTP/1.1 409 Conflict"
2025-07-23 14:32:44,355 - ERROR - Error while getting Updates: Conflict: terminated by other getUpdates request; make sure that only one bot instance is running
2025-07-23 14:32:44,356 - ERROR - No error handlers are registered, logging exception.
Traceback (most recent call last):
  File "/Volumes/ARIMA/bot-event/venv/lib/python3.9/site-packages/telegram/ext/_updater.py", line 688, in _network_loop_retry
  File "/Volumes/ARIMA/bot-event/venv/lib/python3.9/site-packages/telegram/ext/_updater.py", line 384, in polling_action_cb
  File "/Volumes/ARIMA/bot-event/venv/lib/python3.9/site-packages/telegram/ext/_updater.py", line 373, in polling_action_cb
  File "/Volumes/ARIMA/bot-event/venv/lib/python3.9/site-packages/telegram/ext/_extbot.py", line 558, in get_updates
  File "/Volumes/ARIMA/bot-event/venv/lib/python3.9/site-packages/telegram/_bot.py", line 525, in decorator
  File "/Volumes/ARIMA/bot-event/venv/lib/python3.9/site-packages/telegram/_bot.py", line 3584, in get_updates
  File "/Volumes/ARIMA/bot-event/venv/lib/python3.9/site-packages/telegram/_bot.py", line 613, in _post
  File "/Volumes/ARIMA/bot-event/venv/lib/python3.9/site-packages/telegram/ext/_extbot.py", line 340, in _do_post
  File "/Volumes/ARIMA/bot-event/venv/lib/python3.9/site-packages/telegram/_bot.py", line 641, in _do_post
  File "/Volumes/ARIMA/bot-event/venv/lib/python3.9/site-packages/telegram/request/_baserequest.py", line 200, in post
  File "/Volumes/ARIMA/bot-event/venv/lib/python3.9/site-packages/telegram/request/_baserequest.py", line 381, in _request_wrapper
telegram.error.Conflict: Conflict: terminated by other getUpdates request; make sure that only one bot instance is running
2025-07-23 14:32:49,559 - INFO - HTTP Request: POST https://api.telegram.org/bot8132507132:AAHGCXA_fMWIvjOxkeX9ri_nFifM8HXLVdI/getUpdates "HTTP/1.1 409 Conflict"
2025-07-23 14:32:49,561 - ERROR - Error while getting Updates: Conflict: terminated by other getUpdates request; make sure that only one bot instance is running
2025-07-23 14:32:49,561 - ERROR - No error handlers are registered, logging exception.
Traceback (most recent call last):
  File "/Volumes/ARIMA/bot-event/venv/lib/python3.9/site-packages/telegram/ext/_updater.py", line 688, in _network_loop_retry
  File "/Volumes/ARIMA/bot-event/venv/lib/python3.9/site-packages/telegram/ext/_updater.py", line 384, in polling_action_cb
  File "/Volumes/ARIMA/bot-event/venv/lib/python3.9/site-packages/telegram/ext/_updater.py", line 373, in polling_action_cb
  File "/Volumes/ARIMA/bot-event/venv/lib/python3.9/site-packages/telegram/ext/_extbot.py", line 558, in get_updates
  File "/Volumes/ARIMA/bot-event/venv/lib/python3.9/site-packages/telegram/_bot.py", line 525, in decorator
  File "/Volumes/ARIMA/bot-event/venv/lib/python3.9/site-packages/telegram/_bot.py", line 3584, in get_updates
  File "/Volumes/ARIMA/bot-event/venv/lib/python3.9/site-packages/telegram/_bot.py", line 613, in _post
  File "/Volumes/ARIMA/bot-event/venv/lib/python3.9/site-packages/telegram/ext/_extbot.py", line 340, in _do_post
  File "/Volumes/ARIMA/bot-event/venv/lib/python3.9/site-packages/telegram/_bot.py", line 641, in _do_post
  File "/Volumes/ARIMA/bot-event/venv/lib/python3.9/site-packages/telegram/request/_baserequest.py", line 200, in post
  File "/Volumes/ARIMA/bot-event/venv/lib/python3.9/site-packages/telegram/request/_baserequest.py", line 381, in _request_wrapper
telegram.error.Conflict: Conflict: terminated by other getUpdates request; make sure that only one bot instance is running
2025-07-23 14:32:56,251 - INFO - HTTP Request: POST https://api.telegram.org/bot8132507132:AAHGCXA_fMWIvjOxkeX9ri_nFifM8HXLVdI/getUpdates "HTTP/1.1 409 Conflict"
2025-07-23 14:32:56,267 - ERROR - Error while getting Updates: Conflict: terminated by other getUpdates request; make sure that only one bot instance is running
2025-07-23 14:32:56,267 - ERROR - No error handlers are registered, logging exception.
Traceback (most recent call last):
  File "/Volumes/ARIMA/bot-event/venv/lib/python3.9/site-packages/telegram/ext/_updater.py", line 688, in _network_loop_retry
  File "/Volumes/ARIMA/bot-event/venv/lib/python3.9/site-packages/telegram/ext/_updater.py", line 384, in polling_action_cb
  File "/Volumes/ARIMA/bot-event/venv/lib/python3.9/site-packages/telegram/ext/_updater.py", line 373, in polling_action_cb
  File "/Volumes/ARIMA/bot-event/venv/lib/python3.9/site-packages/telegram/ext/_extbot.py", line 558, in get_updates
  File "/Volumes/ARIMA/bot-event/venv/lib/python3.9/site-packages/telegram/_bot.py", line 525, in decorator
  File "/Volumes/ARIMA/bot-event/venv/lib/python3.9/site-packages/telegram/_bot.py", line 3584, in get_updates
  File "/Volumes/ARIMA/bot-event/venv/lib/python3.9/site-packages/telegram/_bot.py", line 613, in _post
  File "/Volumes/ARIMA/bot-event/venv/lib/python3.9/site-packages/telegram/ext/_extbot.py", line 340, in _do_post
  File "/Volumes/ARIMA/bot-event/venv/lib/python3.9/site-packages/telegram/_bot.py", line 641, in _do_post
  File "/Volumes/ARIMA/bot-event/venv/lib/python3.9/site-packages/telegram/request/_baserequest.py", line 200, in post
  File "/Volumes/ARIMA/bot-event/venv/lib/python3.9/site-packages/telegram/request/_baserequest.py", line 381, in _request_wrapper
telegram.error.Conflict: Conflict: terminated by other getUpdates request; make sure that only one bot instance is running
2025-07-23 14:33:04,645 - INFO - HTTP Request: POST https://api.telegram.org/bot8132507132:AAHGCXA_fMWIvjOxkeX9ri_nFifM8HXLVdI/getUpdates "HTTP/1.1 409 Conflict"
2025-07-23 14:33:04,661 - ERROR - Error while getting Updates: Conflict: terminated by other getUpdates request; make sure that only one bot instance is running
2025-07-23 14:33:04,661 - ERROR - No error handlers are registered, logging exception.
Traceback (most recent call last):
  File "/Volumes/ARIMA/bot-event/venv/lib/python3.9/site-packages/telegram/ext/_updater.py", line 688, in _network_loop_retry
  File "/Volumes/ARIMA/bot-event/venv/lib/python3.9/site-packages/telegram/ext/_updater.py", line 384, in polling_action_cb
  File "/Volumes/ARIMA/bot-event/venv/lib/python3.9/site-packages/telegram/ext/_updater.py", line 373, in polling_action_cb
  File "/Volumes/ARIMA/bot-event/venv/lib/python3.9/site-packages/telegram/ext/_extbot.py", line 558, in get_updates
  File "/Volumes/ARIMA/bot-event/venv/lib/python3.9/site-packages/telegram/_bot.py", line 525, in decorator
  File "/Volumes/ARIMA/bot-event/venv/lib/python3.9/site-packages/telegram/_bot.py", line 3584, in get_updates
  File "/Volumes/ARIMA/bot-event/venv/lib/python3.9/site-packages/telegram/_bot.py", line 613, in _post
  File "/Volumes/ARIMA/bot-event/venv/lib/python3.9/site-packages/telegram/ext/_extbot.py", line 340, in _do_post
  File "/Volumes/ARIMA/bot-event/venv/lib/python3.9/site-packages/telegram/_bot.py", line 641, in _do_post
  File "/Volumes/ARIMA/bot-event/venv/lib/python3.9/site-packages/telegram/request/_baserequest.py", line 200, in post
  File "/Volumes/ARIMA/bot-event/venv/lib/python3.9/site-packages/telegram/request/_baserequest.py", line 381, in _request_wrapper
telegram.error.Conflict: Conflict: terminated by other getUpdates request; make sure that only one bot instance is running
2025-07-23 14:33:15,592 - INFO - HTTP Request: POST https://api.telegram.org/bot8132507132:AAHGCXA_fMWIvjOxkeX9ri_nFifM8HXLVdI/getUpdates "HTTP/1.1 409 Conflict"
2025-07-23 14:33:15,608 - ERROR - Error while getting Updates: Conflict: terminated by other getUpdates request; make sure that only one bot instance is running
2025-07-23 14:33:15,608 - ERROR - No error handlers are registered, logging exception.
Traceback (most recent call last):
  File "/Volumes/ARIMA/bot-event/venv/lib/python3.9/site-packages/telegram/ext/_updater.py", line 688, in _network_loop_retry
  File "/Volumes/ARIMA/bot-event/venv/lib/python3.9/site-packages/telegram/ext/_updater.py", line 384, in polling_action_cb
  File "/Volumes/ARIMA/bot-event/venv/lib/python3.9/site-packages/telegram/ext/_updater.py", line 373, in polling_action_cb
  File "/Volumes/ARIMA/bot-event/venv/lib/python3.9/site-packages/telegram/ext/_extbot.py", line 558, in get_updates
  File "/Volumes/ARIMA/bot-event/venv/lib/python3.9/site-packages/telegram/_bot.py", line 525, in decorator
  File "/Volumes/ARIMA/bot-event/venv/lib/python3.9/site-packages/telegram/_bot.py", line 3584, in get_updates
  File "/Volumes/ARIMA/bot-event/venv/lib/python3.9/site-packages/telegram/_bot.py", line 613, in _post
  File "/Volumes/ARIMA/bot-event/venv/lib/python3.9/site-packages/telegram/ext/_extbot.py", line 340, in _do_post
  File "/Volumes/ARIMA/bot-event/venv/lib/python3.9/site-packages/telegram/_bot.py", line 641, in _do_post
  File "/Volumes/ARIMA/bot-event/venv/lib/python3.9/site-packages/telegram/request/_baserequest.py", line 200, in post
  File "/Volumes/ARIMA/bot-event/venv/lib/python3.9/site-packages/telegram/request/_baserequest.py", line 381, in _request_wrapper
telegram.error.Conflict: Conflict: terminated by other getUpdates request; make sure that only one bot instance is running
2025-07-23 14:33:27,223 - INFO - HTTP Request: POST https://api.telegram.org/bot8132507132:AAHGCXA_fMWIvjOxkeX9ri_nFifM8HXLVdI/getUpdates "HTTP/1.1 409 Conflict"
2025-07-23 14:33:27,227 - ERROR - Error while getting Updates: Conflict: terminated by other getUpdates request; make sure that only one bot instance is running
2025-07-23 14:33:27,228 - ERROR - No error handlers are registered, logging exception.
Traceback (most recent call last):
  File "/Volumes/ARIMA/bot-event/venv/lib/python3.9/site-packages/telegram/ext/_updater.py", line 688, in _network_loop_retry
  File "/Volumes/ARIMA/bot-event/venv/lib/python3.9/site-packages/telegram/ext/_updater.py", line 384, in polling_action_cb
  File "/Volumes/ARIMA/bot-event/venv/lib/python3.9/site-packages/telegram/ext/_updater.py", line 373, in polling_action_cb
  File "/Volumes/ARIMA/bot-event/venv/lib/python3.9/site-packages/telegram/ext/_extbot.py", line 558, in get_updates
  File "/Volumes/ARIMA/bot-event/venv/lib/python3.9/site-packages/telegram/_bot.py", line 525, in decorator
  File "/Volumes/ARIMA/bot-event/venv/lib/python3.9/site-packages/telegram/_bot.py", line 3584, in get_updates
  File "/Volumes/ARIMA/bot-event/venv/lib/python3.9/site-packages/telegram/_bot.py", line 613, in _post
  File "/Volumes/ARIMA/bot-event/venv/lib/python3.9/site-packages/telegram/ext/_extbot.py", line 340, in _do_post
  File "/Volumes/ARIMA/bot-event/venv/lib/python3.9/site-packages/telegram/_bot.py", line 641, in _do_post
  File "/Volumes/ARIMA/bot-event/venv/lib/python3.9/site-packages/telegram/request/_baserequest.py", line 200, in post
  File "/Volumes/ARIMA/bot-event/venv/lib/python3.9/site-packages/telegram/request/_baserequest.py", line 381, in _request_wrapper
telegram.error.Conflict: Conflict: terminated by other getUpdates request; make sure that only one bot instance is running
2025-07-23 14:33:42,647 - INFO - HTTP Request: POST https://api.telegram.org/bot8132507132:AAHGCXA_fMWIvjOxkeX9ri_nFifM8HXLVdI/getUpdates "HTTP/1.1 409 Conflict"
2025-07-23 14:33:42,663 - ERROR - Error while getting Updates: Conflict: terminated by other getUpdates request; make sure that only one bot instance is running
2025-07-23 14:33:42,663 - ERROR - No error handlers are registered, logging exception.
Traceback (most recent call last):
  File "/Volumes/ARIMA/bot-event/venv/lib/python3.9/site-packages/telegram/ext/_updater.py", line 688, in _network_loop_retry
  File "/Volumes/ARIMA/bot-event/venv/lib/python3.9/site-packages/telegram/ext/_updater.py", line 384, in polling_action_cb
  File "/Volumes/ARIMA/bot-event/venv/lib/python3.9/site-packages/telegram/ext/_updater.py", line 373, in polling_action_cb
  File "/Volumes/ARIMA/bot-event/venv/lib/python3.9/site-packages/telegram/ext/_extbot.py", line 558, in get_updates
  File "/Volumes/ARIMA/bot-event/venv/lib/python3.9/site-packages/telegram/_bot.py", line 525, in decorator
  File "/Volumes/ARIMA/bot-event/venv/lib/python3.9/site-packages/telegram/_bot.py", line 3584, in get_updates
  File "/Volumes/ARIMA/bot-event/venv/lib/python3.9/site-packages/telegram/_bot.py", line 613, in _post
  File "/Volumes/ARIMA/bot-event/venv/lib/python3.9/site-packages/telegram/ext/_extbot.py", line 340, in _do_post
  File "/Volumes/ARIMA/bot-event/venv/lib/python3.9/site-packages/telegram/_bot.py", line 641, in _do_post
  File "/Volumes/ARIMA/bot-event/venv/lib/python3.9/site-packages/telegram/request/_baserequest.py", line 200, in post
  File "/Volumes/ARIMA/bot-event/venv/lib/python3.9/site-packages/telegram/request/_baserequest.py", line 381, in _request_wrapper
telegram.error.Conflict: Conflict: terminated by other getUpdates request; make sure that only one bot instance is running
2025-07-23 14:34:04,280 - INFO - HTTP Request: POST https://api.telegram.org/bot8132507132:AAHGCXA_fMWIvjOxkeX9ri_nFifM8HXLVdI/getUpdates "HTTP/1.1 409 Conflict"
2025-07-23 14:34:04,295 - ERROR - Error while getting Updates: Conflict: terminated by other getUpdates request; make sure that only one bot instance is running
2025-07-23 14:34:04,295 - ERROR - No error handlers are registered, logging exception.
Traceback (most recent call last):
  File "/Volumes/ARIMA/bot-event/venv/lib/python3.9/site-packages/telegram/ext/_updater.py", line 688, in _network_loop_retry
  File "/Volumes/ARIMA/bot-event/venv/lib/python3.9/site-packages/telegram/ext/_updater.py", line 384, in polling_action_cb
  File "/Volumes/ARIMA/bot-event/venv/lib/python3.9/site-packages/telegram/ext/_updater.py", line 373, in polling_action_cb
  File "/Volumes/ARIMA/bot-event/venv/lib/python3.9/site-packages/telegram/ext/_extbot.py", line 558, in get_updates
  File "/Volumes/ARIMA/bot-event/venv/lib/python3.9/site-packages/telegram/_bot.py", line 525, in decorator
  File "/Volumes/ARIMA/bot-event/venv/lib/python3.9/site-packages/telegram/_bot.py", line 3584, in get_updates
  File "/Volumes/ARIMA/bot-event/venv/lib/python3.9/site-packages/telegram/_bot.py", line 613, in _post
  File "/Volumes/ARIMA/bot-event/venv/lib/python3.9/site-packages/telegram/ext/_extbot.py", line 340, in _do_post
  File "/Volumes/ARIMA/bot-event/venv/lib/python3.9/site-packages/telegram/_bot.py", line 641, in _do_post
  File "/Volumes/ARIMA/bot-event/venv/lib/python3.9/site-packages/telegram/request/_baserequest.py", line 200, in post
  File "/Volumes/ARIMA/bot-event/venv/lib/python3.9/site-packages/telegram/request/_baserequest.py", line 381, in _request_wrapper
telegram.error.Conflict: Conflict: terminated by other getUpdates request; make sure that only one bot instance is running
2025-07-23 14:34:33,810 - INFO - HTTP Request: POST https://api.telegram.org/bot8132507132:AAHGCXA_fMWIvjOxkeX9ri_nFifM8HXLVdI/getUpdates "HTTP/1.1 409 Conflict"
2025-07-23 14:34:33,814 - ERROR - Error while getting Updates: Conflict: terminated by other getUpdates request; make sure that only one bot instance is running
2025-07-23 14:34:33,814 - ERROR - No error handlers are registered, logging exception.
Traceback (most recent call last):
  File "/Volumes/ARIMA/bot-event/venv/lib/python3.9/site-packages/telegram/ext/_updater.py", line 688, in _network_loop_retry
  File "/Volumes/ARIMA/bot-event/venv/lib/python3.9/site-packages/telegram/ext/_updater.py", line 384, in polling_action_cb
  File "/Volumes/ARIMA/bot-event/venv/lib/python3.9/site-packages/telegram/ext/_updater.py", line 373, in polling_action_cb
  File "/Volumes/ARIMA/bot-event/venv/lib/python3.9/site-packages/telegram/ext/_extbot.py", line 558, in get_updates
  File "/Volumes/ARIMA/bot-event/venv/lib/python3.9/site-packages/telegram/_bot.py", line 525, in decorator
  File "/Volumes/ARIMA/bot-event/venv/lib/python3.9/site-packages/telegram/_bot.py", line 3584, in get_updates
  File "/Volumes/ARIMA/bot-event/venv/lib/python3.9/site-packages/telegram/_bot.py", line 613, in _post
  File "/Volumes/ARIMA/bot-event/venv/lib/python3.9/site-packages/telegram/ext/_extbot.py", line 340, in _do_post
  File "/Volumes/ARIMA/bot-event/venv/lib/python3.9/site-packages/telegram/_bot.py", line 641, in _do_post
  File "/Volumes/ARIMA/bot-event/venv/lib/python3.9/site-packages/telegram/request/_baserequest.py", line 200, in post
  File "/Volumes/ARIMA/bot-event/venv/lib/python3.9/site-packages/telegram/request/_baserequest.py", line 381, in _request_wrapper
telegram.error.Conflict: Conflict: terminated by other getUpdates request; make sure that only one bot instance is running
2025-07-23 14:35:08,169 - INFO - HTTP Request: POST https://api.telegram.org/bot8132507132:AAHGCXA_fMWIvjOxkeX9ri_nFifM8HXLVdI/getUpdates "HTTP/1.1 409 Conflict"
2025-07-23 14:35:08,174 - ERROR - Error while getting Updates: Conflict: terminated by other getUpdates request; make sure that only one bot instance is running
2025-07-23 14:35:08,174 - ERROR - No error handlers are registered, logging exception.
Traceback (most recent call last):
  File "/Volumes/ARIMA/bot-event/venv/lib/python3.9/site-packages/telegram/ext/_updater.py", line 688, in _network_loop_retry
  File "/Volumes/ARIMA/bot-event/venv/lib/python3.9/site-packages/telegram/ext/_updater.py", line 384, in polling_action_cb
  File "/Volumes/ARIMA/bot-event/venv/lib/python3.9/site-packages/telegram/ext/_updater.py", line 373, in polling_action_cb
  File "/Volumes/ARIMA/bot-event/venv/lib/python3.9/site-packages/telegram/ext/_extbot.py", line 558, in get_updates
  File "/Volumes/ARIMA/bot-event/venv/lib/python3.9/site-packages/telegram/_bot.py", line 525, in decorator
  File "/Volumes/ARIMA/bot-event/venv/lib/python3.9/site-packages/telegram/_bot.py", line 3584, in get_updates
  File "/Volumes/ARIMA/bot-event/venv/lib/python3.9/site-packages/telegram/_bot.py", line 613, in _post
  File "/Volumes/ARIMA/bot-event/venv/lib/python3.9/site-packages/telegram/ext/_extbot.py", line 340, in _do_post
  File "/Volumes/ARIMA/bot-event/venv/lib/python3.9/site-packages/telegram/_bot.py", line 641, in _do_post
  File "/Volumes/ARIMA/bot-event/venv/lib/python3.9/site-packages/telegram/request/_baserequest.py", line 200, in post
  File "/Volumes/ARIMA/bot-event/venv/lib/python3.9/site-packages/telegram/request/_baserequest.py", line 381, in _request_wrapper
telegram.error.Conflict: Conflict: terminated by other getUpdates request; make sure that only one bot instance is running
2025-07-23 14:35:41,930 - INFO - HTTP Request: POST https://api.telegram.org/bot8132507132:AAHGCXA_fMWIvjOxkeX9ri_nFifM8HXLVdI/getUpdates "HTTP/1.1 409 Conflict"
2025-07-23 14:35:41,946 - ERROR - Error while getting Updates: Conflict: terminated by other getUpdates request; make sure that only one bot instance is running
2025-07-23 14:35:41,946 - ERROR - No error handlers are registered, logging exception.
Traceback (most recent call last):
  File "/Volumes/ARIMA/bot-event/venv/lib/python3.9/site-packages/telegram/ext/_updater.py", line 688, in _network_loop_retry
  File "/Volumes/ARIMA/bot-event/venv/lib/python3.9/site-packages/telegram/ext/_updater.py", line 384, in polling_action_cb
  File "/Volumes/ARIMA/bot-event/venv/lib/python3.9/site-packages/telegram/ext/_updater.py", line 373, in polling_action_cb
  File "/Volumes/ARIMA/bot-event/venv/lib/python3.9/site-packages/telegram/ext/_extbot.py", line 558, in get_updates
  File "/Volumes/ARIMA/bot-event/venv/lib/python3.9/site-packages/telegram/_bot.py", line 525, in decorator
  File "/Volumes/ARIMA/bot-event/venv/lib/python3.9/site-packages/telegram/_bot.py", line 3584, in get_updates
  File "/Volumes/ARIMA/bot-event/venv/lib/python3.9/site-packages/telegram/_bot.py", line 613, in _post
  File "/Volumes/ARIMA/bot-event/venv/lib/python3.9/site-packages/telegram/ext/_extbot.py", line 340, in _do_post
  File "/Volumes/ARIMA/bot-event/venv/lib/python3.9/site-packages/telegram/_bot.py", line 641, in _do_post
  File "/Volumes/ARIMA/bot-event/venv/lib/python3.9/site-packages/telegram/request/_baserequest.py", line 200, in post
  File "/Volumes/ARIMA/bot-event/venv/lib/python3.9/site-packages/telegram/request/_baserequest.py", line 381, in _request_wrapper
telegram.error.Conflict: Conflict: terminated by other getUpdates request; make sure that only one bot instance is running
2025-07-23 14:36:16,171 - INFO - HTTP Request: POST https://api.telegram.org/bot8132507132:AAHGCXA_fMWIvjOxkeX9ri_nFifM8HXLVdI/getUpdates "HTTP/1.1 409 Conflict"
2025-07-23 14:36:16,187 - ERROR - Error while getting Updates: Conflict: terminated by other getUpdates request; make sure that only one bot instance is running
2025-07-23 14:36:16,187 - ERROR - No error handlers are registered, logging exception.
Traceback (most recent call last):
  File "/Volumes/ARIMA/bot-event/venv/lib/python3.9/site-packages/telegram/ext/_updater.py", line 688, in _network_loop_retry
  File "/Volumes/ARIMA/bot-event/venv/lib/python3.9/site-packages/telegram/ext/_updater.py", line 384, in polling_action_cb
  File "/Volumes/ARIMA/bot-event/venv/lib/python3.9/site-packages/telegram/ext/_updater.py", line 373, in polling_action_cb
  File "/Volumes/ARIMA/bot-event/venv/lib/python3.9/site-packages/telegram/ext/_extbot.py", line 558, in get_updates
  File "/Volumes/ARIMA/bot-event/venv/lib/python3.9/site-packages/telegram/_bot.py", line 525, in decorator
  File "/Volumes/ARIMA/bot-event/venv/lib/python3.9/site-packages/telegram/_bot.py", line 3584, in get_updates
  File "/Volumes/ARIMA/bot-event/venv/lib/python3.9/site-packages/telegram/_bot.py", line 613, in _post
  File "/Volumes/ARIMA/bot-event/venv/lib/python3.9/site-packages/telegram/ext/_extbot.py", line 340, in _do_post
  File "/Volumes/ARIMA/bot-event/venv/lib/python3.9/site-packages/telegram/_bot.py", line 641, in _do_post
  File "/Volumes/ARIMA/bot-event/venv/lib/python3.9/site-packages/telegram/request/_baserequest.py", line 200, in post
  File "/Volumes/ARIMA/bot-event/venv/lib/python3.9/site-packages/telegram/request/_baserequest.py", line 381, in _request_wrapper
telegram.error.Conflict: Conflict: terminated by other getUpdates request; make sure that only one bot instance is running
2025-07-23 14:36:49,978 - INFO - HTTP Request: POST https://api.telegram.org/bot8132507132:AAHGCXA_fMWIvjOxkeX9ri_nFifM8HXLVdI/getUpdates "HTTP/1.1 409 Conflict"
2025-07-23 14:36:49,994 - ERROR - Error while getting Updates: Conflict: terminated by other getUpdates request; make sure that only one bot instance is running
2025-07-23 14:36:49,994 - ERROR - No error handlers are registered, logging exception.
Traceback (most recent call last):
  File "/Volumes/ARIMA/bot-event/venv/lib/python3.9/site-packages/telegram/ext/_updater.py", line 688, in _network_loop_retry
  File "/Volumes/ARIMA/bot-event/venv/lib/python3.9/site-packages/telegram/ext/_updater.py", line 384, in polling_action_cb
  File "/Volumes/ARIMA/bot-event/venv/lib/python3.9/site-packages/telegram/ext/_updater.py", line 373, in polling_action_cb
  File "/Volumes/ARIMA/bot-event/venv/lib/python3.9/site-packages/telegram/ext/_extbot.py", line 558, in get_updates
  File "/Volumes/ARIMA/bot-event/venv/lib/python3.9/site-packages/telegram/_bot.py", line 525, in decorator
  File "/Volumes/ARIMA/bot-event/venv/lib/python3.9/site-packages/telegram/_bot.py", line 3584, in get_updates
  File "/Volumes/ARIMA/bot-event/venv/lib/python3.9/site-packages/telegram/_bot.py", line 613, in _post
  File "/Volumes/ARIMA/bot-event/venv/lib/python3.9/site-packages/telegram/ext/_extbot.py", line 340, in _do_post
  File "/Volumes/ARIMA/bot-event/venv/lib/python3.9/site-packages/telegram/_bot.py", line 641, in _do_post
  File "/Volumes/ARIMA/bot-event/venv/lib/python3.9/site-packages/telegram/request/_baserequest.py", line 200, in post
  File "/Volumes/ARIMA/bot-event/venv/lib/python3.9/site-packages/telegram/request/_baserequest.py", line 381, in _request_wrapper
telegram.error.Conflict: Conflict: terminated by other getUpdates request; make sure that only one bot instance is running
2025-07-23 14:37:24,753 - INFO - HTTP Request: POST https://api.telegram.org/bot8132507132:AAHGCXA_fMWIvjOxkeX9ri_nFifM8HXLVdI/getUpdates "HTTP/1.1 409 Conflict"
2025-07-23 14:37:24,758 - ERROR - Error while getting Updates: Conflict: terminated by other getUpdates request; make sure that only one bot instance is running
2025-07-23 14:37:24,759 - ERROR - No error handlers are registered, logging exception.
Traceback (most recent call last):
  File "/Volumes/ARIMA/bot-event/venv/lib/python3.9/site-packages/telegram/ext/_updater.py", line 688, in _network_loop_retry
  File "/Volumes/ARIMA/bot-event/venv/lib/python3.9/site-packages/telegram/ext/_updater.py", line 384, in polling_action_cb
  File "/Volumes/ARIMA/bot-event/venv/lib/python3.9/site-packages/telegram/ext/_updater.py", line 373, in polling_action_cb
  File "/Volumes/ARIMA/bot-event/venv/lib/python3.9/site-packages/telegram/ext/_extbot.py", line 558, in get_updates
  File "/Volumes/ARIMA/bot-event/venv/lib/python3.9/site-packages/telegram/_bot.py", line 525, in decorator
  File "/Volumes/ARIMA/bot-event/venv/lib/python3.9/site-packages/telegram/_bot.py", line 3584, in get_updates
  File "/Volumes/ARIMA/bot-event/venv/lib/python3.9/site-packages/telegram/_bot.py", line 613, in _post
  File "/Volumes/ARIMA/bot-event/venv/lib/python3.9/site-packages/telegram/ext/_extbot.py", line 340, in _do_post
  File "/Volumes/ARIMA/bot-event/venv/lib/python3.9/site-packages/telegram/_bot.py", line 641, in _do_post
  File "/Volumes/ARIMA/bot-event/venv/lib/python3.9/site-packages/telegram/request/_baserequest.py", line 200, in post
  File "/Volumes/ARIMA/bot-event/venv/lib/python3.9/site-packages/telegram/request/_baserequest.py", line 381, in _request_wrapper
telegram.error.Conflict: Conflict: terminated by other getUpdates request; make sure that only one bot instance is running
2025-07-23 14:37:58,338 - INFO - HTTP Request: POST https://api.telegram.org/bot8132507132:AAHGCXA_fMWIvjOxkeX9ri_nFifM8HXLVdI/getUpdates "HTTP/1.1 409 Conflict"
2025-07-23 14:37:58,354 - ERROR - Error while getting Updates: Conflict: terminated by other getUpdates request; make sure that only one bot instance is running
2025-07-23 14:37:58,354 - ERROR - No error handlers are registered, logging exception.
Traceback (most recent call last):
  File "/Volumes/ARIMA/bot-event/venv/lib/python3.9/site-packages/telegram/ext/_updater.py", line 688, in _network_loop_retry
  File "/Volumes/ARIMA/bot-event/venv/lib/python3.9/site-packages/telegram/ext/_updater.py", line 384, in polling_action_cb
  File "/Volumes/ARIMA/bot-event/venv/lib/python3.9/site-packages/telegram/ext/_updater.py", line 373, in polling_action_cb
  File "/Volumes/ARIMA/bot-event/venv/lib/python3.9/site-packages/telegram/ext/_extbot.py", line 558, in get_updates
  File "/Volumes/ARIMA/bot-event/venv/lib/python3.9/site-packages/telegram/_bot.py", line 525, in decorator
  File "/Volumes/ARIMA/bot-event/venv/lib/python3.9/site-packages/telegram/_bot.py", line 3584, in get_updates
  File "/Volumes/ARIMA/bot-event/venv/lib/python3.9/site-packages/telegram/_bot.py", line 613, in _post
  File "/Volumes/ARIMA/bot-event/venv/lib/python3.9/site-packages/telegram/ext/_extbot.py", line 340, in _do_post
  File "/Volumes/ARIMA/bot-event/venv/lib/python3.9/site-packages/telegram/_bot.py", line 641, in _do_post
  File "/Volumes/ARIMA/bot-event/venv/lib/python3.9/site-packages/telegram/request/_baserequest.py", line 200, in post
  File "/Volumes/ARIMA/bot-event/venv/lib/python3.9/site-packages/telegram/request/_baserequest.py", line 381, in _request_wrapper
telegram.error.Conflict: Conflict: terminated by other getUpdates request; make sure that only one bot instance is running
2025-07-23 14:38:32,903 - INFO - HTTP Request: POST https://api.telegram.org/bot8132507132:AAHGCXA_fMWIvjOxkeX9ri_nFifM8HXLVdI/getUpdates "HTTP/1.1 409 Conflict"
2025-07-23 14:38:32,907 - ERROR - Error while getting Updates: Conflict: terminated by other getUpdates request; make sure that only one bot instance is running
2025-07-23 14:38:32,907 - ERROR - No error handlers are registered, logging exception.
Traceback (most recent call last):
  File "/Volumes/ARIMA/bot-event/venv/lib/python3.9/site-packages/telegram/ext/_updater.py", line 688, in _network_loop_retry
  File "/Volumes/ARIMA/bot-event/venv/lib/python3.9/site-packages/telegram/ext/_updater.py", line 384, in polling_action_cb
  File "/Volumes/ARIMA/bot-event/venv/lib/python3.9/site-packages/telegram/ext/_updater.py", line 373, in polling_action_cb
  File "/Volumes/ARIMA/bot-event/venv/lib/python3.9/site-packages/telegram/ext/_extbot.py", line 558, in get_updates
  File "/Volumes/ARIMA/bot-event/venv/lib/python3.9/site-packages/telegram/_bot.py", line 525, in decorator
  File "/Volumes/ARIMA/bot-event/venv/lib/python3.9/site-packages/telegram/_bot.py", line 3584, in get_updates
  File "/Volumes/ARIMA/bot-event/venv/lib/python3.9/site-packages/telegram/_bot.py", line 613, in _post
  File "/Volumes/ARIMA/bot-event/venv/lib/python3.9/site-packages/telegram/ext/_extbot.py", line 340, in _do_post
  File "/Volumes/ARIMA/bot-event/venv/lib/python3.9/site-packages/telegram/_bot.py", line 641, in _do_post
  File "/Volumes/ARIMA/bot-event/venv/lib/python3.9/site-packages/telegram/request/_baserequest.py", line 200, in post
  File "/Volumes/ARIMA/bot-event/venv/lib/python3.9/site-packages/telegram/request/_baserequest.py", line 381, in _request_wrapper
telegram.error.Conflict: Conflict: terminated by other getUpdates request; make sure that only one bot instance is running
2025-07-23 14:39:08,139 - INFO - HTTP Request: POST https://api.telegram.org/bot8132507132:AAHGCXA_fMWIvjOxkeX9ri_nFifM8HXLVdI/getUpdates "HTTP/1.1 409 Conflict"
2025-07-23 14:39:08,155 - ERROR - Error while getting Updates: Conflict: terminated by other getUpdates request; make sure that only one bot instance is running
2025-07-23 14:39:08,156 - ERROR - No error handlers are registered, logging exception.
Traceback (most recent call last):
  File "/Volumes/ARIMA/bot-event/venv/lib/python3.9/site-packages/telegram/ext/_updater.py", line 688, in _network_loop_retry
  File "/Volumes/ARIMA/bot-event/venv/lib/python3.9/site-packages/telegram/ext/_updater.py", line 384, in polling_action_cb
  File "/Volumes/ARIMA/bot-event/venv/lib/python3.9/site-packages/telegram/ext/_updater.py", line 373, in polling_action_cb
  File "/Volumes/ARIMA/bot-event/venv/lib/python3.9/site-packages/telegram/ext/_extbot.py", line 558, in get_updates
  File "/Volumes/ARIMA/bot-event/venv/lib/python3.9/site-packages/telegram/_bot.py", line 525, in decorator
  File "/Volumes/ARIMA/bot-event/venv/lib/python3.9/site-packages/telegram/_bot.py", line 3584, in get_updates
  File "/Volumes/ARIMA/bot-event/venv/lib/python3.9/site-packages/telegram/_bot.py", line 613, in _post
  File "/Volumes/ARIMA/bot-event/venv/lib/python3.9/site-packages/telegram/ext/_extbot.py", line 340, in _do_post
  File "/Volumes/ARIMA/bot-event/venv/lib/python3.9/site-packages/telegram/_bot.py", line 641, in _do_post
  File "/Volumes/ARIMA/bot-event/venv/lib/python3.9/site-packages/telegram/request/_baserequest.py", line 200, in post
  File "/Volumes/ARIMA/bot-event/venv/lib/python3.9/site-packages/telegram/request/_baserequest.py", line 381, in _request_wrapper
telegram.error.Conflict: Conflict: terminated by other getUpdates request; make sure that only one bot instance is running
2025-07-23 14:39:42,889 - INFO - HTTP Request: POST https://api.telegram.org/bot8132507132:AAHGCXA_fMWIvjOxkeX9ri_nFifM8HXLVdI/getUpdates "HTTP/1.1 409 Conflict"
2025-07-23 14:39:42,904 - ERROR - Error while getting Updates: Conflict: terminated by other getUpdates request; make sure that only one bot instance is running
2025-07-23 14:39:42,904 - ERROR - No error handlers are registered, logging exception.
Traceback (most recent call last):
  File "/Volumes/ARIMA/bot-event/venv/lib/python3.9/site-packages/telegram/ext/_updater.py", line 688, in _network_loop_retry
  File "/Volumes/ARIMA/bot-event/venv/lib/python3.9/site-packages/telegram/ext/_updater.py", line 384, in polling_action_cb
  File "/Volumes/ARIMA/bot-event/venv/lib/python3.9/site-packages/telegram/ext/_updater.py", line 373, in polling_action_cb
  File "/Volumes/ARIMA/bot-event/venv/lib/python3.9/site-packages/telegram/ext/_extbot.py", line 558, in get_updates
  File "/Volumes/ARIMA/bot-event/venv/lib/python3.9/site-packages/telegram/_bot.py", line 525, in decorator
  File "/Volumes/ARIMA/bot-event/venv/lib/python3.9/site-packages/telegram/_bot.py", line 3584, in get_updates
  File "/Volumes/ARIMA/bot-event/venv/lib/python3.9/site-packages/telegram/_bot.py", line 613, in _post
  File "/Volumes/ARIMA/bot-event/venv/lib/python3.9/site-packages/telegram/ext/_extbot.py", line 340, in _do_post
  File "/Volumes/ARIMA/bot-event/venv/lib/python3.9/site-packages/telegram/_bot.py", line 641, in _do_post
  File "/Volumes/ARIMA/bot-event/venv/lib/python3.9/site-packages/telegram/request/_baserequest.py", line 200, in post
  File "/Volumes/ARIMA/bot-event/venv/lib/python3.9/site-packages/telegram/request/_baserequest.py", line 381, in _request_wrapper
telegram.error.Conflict: Conflict: terminated by other getUpdates request; make sure that only one bot instance is running
2025-07-23 14:40:19,295 - INFO - HTTP Request: POST https://api.telegram.org/bot8132507132:AAHGCXA_fMWIvjOxkeX9ri_nFifM8HXLVdI/getUpdates "HTTP/1.1 409 Conflict"
2025-07-23 14:40:19,300 - ERROR - Error while getting Updates: Conflict: terminated by other getUpdates request; make sure that only one bot instance is running
2025-07-23 14:40:19,300 - ERROR - No error handlers are registered, logging exception.
Traceback (most recent call last):
  File "/Volumes/ARIMA/bot-event/venv/lib/python3.9/site-packages/telegram/ext/_updater.py", line 688, in _network_loop_retry
  File "/Volumes/ARIMA/bot-event/venv/lib/python3.9/site-packages/telegram/ext/_updater.py", line 384, in polling_action_cb
  File "/Volumes/ARIMA/bot-event/venv/lib/python3.9/site-packages/telegram/ext/_updater.py", line 373, in polling_action_cb
  File "/Volumes/ARIMA/bot-event/venv/lib/python3.9/site-packages/telegram/ext/_extbot.py", line 558, in get_updates
  File "/Volumes/ARIMA/bot-event/venv/lib/python3.9/site-packages/telegram/_bot.py", line 525, in decorator
  File "/Volumes/ARIMA/bot-event/venv/lib/python3.9/site-packages/telegram/_bot.py", line 3584, in get_updates
  File "/Volumes/ARIMA/bot-event/venv/lib/python3.9/site-packages/telegram/_bot.py", line 613, in _post
  File "/Volumes/ARIMA/bot-event/venv/lib/python3.9/site-packages/telegram/ext/_extbot.py", line 340, in _do_post
  File "/Volumes/ARIMA/bot-event/venv/lib/python3.9/site-packages/telegram/_bot.py", line 641, in _do_post
  File "/Volumes/ARIMA/bot-event/venv/lib/python3.9/site-packages/telegram/request/_baserequest.py", line 200, in post
  File "/Volumes/ARIMA/bot-event/venv/lib/python3.9/site-packages/telegram/request/_baserequest.py", line 381, in _request_wrapper
telegram.error.Conflict: Conflict: terminated by other getUpdates request; make sure that only one bot instance is running
2025-07-23 14:40:53,119 - INFO - HTTP Request: POST https://api.telegram.org/bot8132507132:AAHGCXA_fMWIvjOxkeX9ri_nFifM8HXLVdI/getUpdates "HTTP/1.1 409 Conflict"
2025-07-23 14:40:53,123 - ERROR - Error while getting Updates: Conflict: terminated by other getUpdates request; make sure that only one bot instance is running
2025-07-23 14:40:53,124 - ERROR - No error handlers are registered, logging exception.
Traceback (most recent call last):
  File "/Volumes/ARIMA/bot-event/venv/lib/python3.9/site-packages/telegram/ext/_updater.py", line 688, in _network_loop_retry
  File "/Volumes/ARIMA/bot-event/venv/lib/python3.9/site-packages/telegram/ext/_updater.py", line 384, in polling_action_cb
  File "/Volumes/ARIMA/bot-event/venv/lib/python3.9/site-packages/telegram/ext/_updater.py", line 373, in polling_action_cb
  File "/Volumes/ARIMA/bot-event/venv/lib/python3.9/site-packages/telegram/ext/_extbot.py", line 558, in get_updates
  File "/Volumes/ARIMA/bot-event/venv/lib/python3.9/site-packages/telegram/_bot.py", line 525, in decorator
  File "/Volumes/ARIMA/bot-event/venv/lib/python3.9/site-packages/telegram/_bot.py", line 3584, in get_updates
  File "/Volumes/ARIMA/bot-event/venv/lib/python3.9/site-packages/telegram/_bot.py", line 613, in _post
  File "/Volumes/ARIMA/bot-event/venv/lib/python3.9/site-packages/telegram/ext/_extbot.py", line 340, in _do_post
  File "/Volumes/ARIMA/bot-event/venv/lib/python3.9/site-packages/telegram/_bot.py", line 641, in _do_post
  File "/Volumes/ARIMA/bot-event/venv/lib/python3.9/site-packages/telegram/request/_baserequest.py", line 200, in post
  File "/Volumes/ARIMA/bot-event/venv/lib/python3.9/site-packages/telegram/request/_baserequest.py", line 381, in _request_wrapper
telegram.error.Conflict: Conflict: terminated by other getUpdates request; make sure that only one bot instance is running
2025-07-23 14:41:28,556 - INFO - HTTP Request: POST https://api.telegram.org/bot8132507132:AAHGCXA_fMWIvjOxkeX9ri_nFifM8HXLVdI/getUpdates "HTTP/1.1 409 Conflict"
2025-07-23 14:41:28,572 - ERROR - Error while getting Updates: Conflict: terminated by other getUpdates request; make sure that only one bot instance is running
2025-07-23 14:41:28,573 - ERROR - No error handlers are registered, logging exception.
Traceback (most recent call last):
  File "/Volumes/ARIMA/bot-event/venv/lib/python3.9/site-packages/telegram/ext/_updater.py", line 688, in _network_loop_retry
  File "/Volumes/ARIMA/bot-event/venv/lib/python3.9/site-packages/telegram/ext/_updater.py", line 384, in polling_action_cb
  File "/Volumes/ARIMA/bot-event/venv/lib/python3.9/site-packages/telegram/ext/_updater.py", line 373, in polling_action_cb
  File "/Volumes/ARIMA/bot-event/venv/lib/python3.9/site-packages/telegram/ext/_extbot.py", line 558, in get_updates
  File "/Volumes/ARIMA/bot-event/venv/lib/python3.9/site-packages/telegram/_bot.py", line 525, in decorator
  File "/Volumes/ARIMA/bot-event/venv/lib/python3.9/site-packages/telegram/_bot.py", line 3584, in get_updates
  File "/Volumes/ARIMA/bot-event/venv/lib/python3.9/site-packages/telegram/_bot.py", line 613, in _post
  File "/Volumes/ARIMA/bot-event/venv/lib/python3.9/site-packages/telegram/ext/_extbot.py", line 340, in _do_post
  File "/Volumes/ARIMA/bot-event/venv/lib/python3.9/site-packages/telegram/_bot.py", line 641, in _do_post
  File "/Volumes/ARIMA/bot-event/venv/lib/python3.9/site-packages/telegram/request/_baserequest.py", line 200, in post
  File "/Volumes/ARIMA/bot-event/venv/lib/python3.9/site-packages/telegram/request/_baserequest.py", line 381, in _request_wrapper
telegram.error.Conflict: Conflict: terminated by other getUpdates request; make sure that only one bot instance is running
2025-07-23 14:42:03,256 - INFO - HTTP Request: POST https://api.telegram.org/bot8132507132:AAHGCXA_fMWIvjOxkeX9ri_nFifM8HXLVdI/getUpdates "HTTP/1.1 409 Conflict"
2025-07-23 14:42:03,272 - ERROR - Error while getting Updates: Conflict: terminated by other getUpdates request; make sure that only one bot instance is running
2025-07-23 14:42:03,273 - ERROR - No error handlers are registered, logging exception.
Traceback (most recent call last):
  File "/Volumes/ARIMA/bot-event/venv/lib/python3.9/site-packages/telegram/ext/_updater.py", line 688, in _network_loop_retry
  File "/Volumes/ARIMA/bot-event/venv/lib/python3.9/site-packages/telegram/ext/_updater.py", line 384, in polling_action_cb
  File "/Volumes/ARIMA/bot-event/venv/lib/python3.9/site-packages/telegram/ext/_updater.py", line 373, in polling_action_cb
  File "/Volumes/ARIMA/bot-event/venv/lib/python3.9/site-packages/telegram/ext/_extbot.py", line 558, in get_updates
  File "/Volumes/ARIMA/bot-event/venv/lib/python3.9/site-packages/telegram/_bot.py", line 525, in decorator
  File "/Volumes/ARIMA/bot-event/venv/lib/python3.9/site-packages/telegram/_bot.py", line 3584, in get_updates
  File "/Volumes/ARIMA/bot-event/venv/lib/python3.9/site-packages/telegram/_bot.py", line 613, in _post
  File "/Volumes/ARIMA/bot-event/venv/lib/python3.9/site-packages/telegram/ext/_extbot.py", line 340, in _do_post
  File "/Volumes/ARIMA/bot-event/venv/lib/python3.9/site-packages/telegram/_bot.py", line 641, in _do_post
  File "/Volumes/ARIMA/bot-event/venv/lib/python3.9/site-packages/telegram/request/_baserequest.py", line 200, in post
  File "/Volumes/ARIMA/bot-event/venv/lib/python3.9/site-packages/telegram/request/_baserequest.py", line 381, in _request_wrapper
telegram.error.Conflict: Conflict: terminated by other getUpdates request; make sure that only one bot instance is running
2025-07-23 14:42:37,881 - INFO - HTTP Request: POST https://api.telegram.org/bot8132507132:AAHGCXA_fMWIvjOxkeX9ri_nFifM8HXLVdI/getUpdates "HTTP/1.1 409 Conflict"
2025-07-23 14:42:37,897 - ERROR - Error while getting Updates: Conflict: terminated by other getUpdates request; make sure that only one bot instance is running
2025-07-23 14:42:37,898 - ERROR - No error handlers are registered, logging exception.
Traceback (most recent call last):
  File "/Volumes/ARIMA/bot-event/venv/lib/python3.9/site-packages/telegram/ext/_updater.py", line 688, in _network_loop_retry
  File "/Volumes/ARIMA/bot-event/venv/lib/python3.9/site-packages/telegram/ext/_updater.py", line 384, in polling_action_cb
  File "/Volumes/ARIMA/bot-event/venv/lib/python3.9/site-packages/telegram/ext/_updater.py", line 373, in polling_action_cb
  File "/Volumes/ARIMA/bot-event/venv/lib/python3.9/site-packages/telegram/ext/_extbot.py", line 558, in get_updates
  File "/Volumes/ARIMA/bot-event/venv/lib/python3.9/site-packages/telegram/_bot.py", line 525, in decorator
  File "/Volumes/ARIMA/bot-event/venv/lib/python3.9/site-packages/telegram/_bot.py", line 3584, in get_updates
  File "/Volumes/ARIMA/bot-event/venv/lib/python3.9/site-packages/telegram/_bot.py", line 613, in _post
  File "/Volumes/ARIMA/bot-event/venv/lib/python3.9/site-packages/telegram/ext/_extbot.py", line 340, in _do_post
  File "/Volumes/ARIMA/bot-event/venv/lib/python3.9/site-packages/telegram/_bot.py", line 641, in _do_post
  File "/Volumes/ARIMA/bot-event/venv/lib/python3.9/site-packages/telegram/request/_baserequest.py", line 200, in post
  File "/Volumes/ARIMA/bot-event/venv/lib/python3.9/site-packages/telegram/request/_baserequest.py", line 381, in _request_wrapper
telegram.error.Conflict: Conflict: terminated by other getUpdates request; make sure that only one bot instance is running
2025-07-23 14:43:12,781 - INFO - HTTP Request: POST https://api.telegram.org/bot8132507132:AAHGCXA_fMWIvjOxkeX9ri_nFifM8HXLVdI/getUpdates "HTTP/1.1 409 Conflict"
2025-07-23 14:43:12,797 - ERROR - Error while getting Updates: Conflict: terminated by other getUpdates request; make sure that only one bot instance is running
2025-07-23 14:43:12,797 - ERROR - No error handlers are registered, logging exception.
Traceback (most recent call last):
  File "/Volumes/ARIMA/bot-event/venv/lib/python3.9/site-packages/telegram/ext/_updater.py", line 688, in _network_loop_retry
  File "/Volumes/ARIMA/bot-event/venv/lib/python3.9/site-packages/telegram/ext/_updater.py", line 384, in polling_action_cb
  File "/Volumes/ARIMA/bot-event/venv/lib/python3.9/site-packages/telegram/ext/_updater.py", line 373, in polling_action_cb
  File "/Volumes/ARIMA/bot-event/venv/lib/python3.9/site-packages/telegram/ext/_extbot.py", line 558, in get_updates
  File "/Volumes/ARIMA/bot-event/venv/lib/python3.9/site-packages/telegram/_bot.py", line 525, in decorator
  File "/Volumes/ARIMA/bot-event/venv/lib/python3.9/site-packages/telegram/_bot.py", line 3584, in get_updates
  File "/Volumes/ARIMA/bot-event/venv/lib/python3.9/site-packages/telegram/_bot.py", line 613, in _post
  File "/Volumes/ARIMA/bot-event/venv/lib/python3.9/site-packages/telegram/ext/_extbot.py", line 340, in _do_post
  File "/Volumes/ARIMA/bot-event/venv/lib/python3.9/site-packages/telegram/_bot.py", line 641, in _do_post
  File "/Volumes/ARIMA/bot-event/venv/lib/python3.9/site-packages/telegram/request/_baserequest.py", line 200, in post
  File "/Volumes/ARIMA/bot-event/venv/lib/python3.9/site-packages/telegram/request/_baserequest.py", line 381, in _request_wrapper
telegram.error.Conflict: Conflict: terminated by other getUpdates request; make sure that only one bot instance is running
2025-07-23 14:43:47,435 - INFO - HTTP Request: POST https://api.telegram.org/bot8132507132:AAHGCXA_fMWIvjOxkeX9ri_nFifM8HXLVdI/getUpdates "HTTP/1.1 409 Conflict"
2025-07-23 14:43:47,451 - ERROR - Error while getting Updates: Conflict: terminated by other getUpdates request; make sure that only one bot instance is running
2025-07-23 14:43:47,451 - ERROR - No error handlers are registered, logging exception.
Traceback (most recent call last):
  File "/Volumes/ARIMA/bot-event/venv/lib/python3.9/site-packages/telegram/ext/_updater.py", line 688, in _network_loop_retry
  File "/Volumes/ARIMA/bot-event/venv/lib/python3.9/site-packages/telegram/ext/_updater.py", line 384, in polling_action_cb
  File "/Volumes/ARIMA/bot-event/venv/lib/python3.9/site-packages/telegram/ext/_updater.py", line 373, in polling_action_cb
  File "/Volumes/ARIMA/bot-event/venv/lib/python3.9/site-packages/telegram/ext/_extbot.py", line 558, in get_updates
  File "/Volumes/ARIMA/bot-event/venv/lib/python3.9/site-packages/telegram/_bot.py", line 525, in decorator
  File "/Volumes/ARIMA/bot-event/venv/lib/python3.9/site-packages/telegram/_bot.py", line 3584, in get_updates
  File "/Volumes/ARIMA/bot-event/venv/lib/python3.9/site-packages/telegram/_bot.py", line 613, in _post
  File "/Volumes/ARIMA/bot-event/venv/lib/python3.9/site-packages/telegram/ext/_extbot.py", line 340, in _do_post
  File "/Volumes/ARIMA/bot-event/venv/lib/python3.9/site-packages/telegram/_bot.py", line 641, in _do_post
  File "/Volumes/ARIMA/bot-event/venv/lib/python3.9/site-packages/telegram/request/_baserequest.py", line 200, in post
  File "/Volumes/ARIMA/bot-event/venv/lib/python3.9/site-packages/telegram/request/_baserequest.py", line 381, in _request_wrapper
telegram.error.Conflict: Conflict: terminated by other getUpdates request; make sure that only one bot instance is running
2025-07-23 14:44:22,167 - INFO - HTTP Request: POST https://api.telegram.org/bot8132507132:AAHGCXA_fMWIvjOxkeX9ri_nFifM8HXLVdI/getUpdates "HTTP/1.1 409 Conflict"
2025-07-23 14:44:22,171 - ERROR - Error while getting Updates: Conflict: terminated by other getUpdates request; make sure that only one bot instance is running
2025-07-23 14:44:22,172 - ERROR - No error handlers are registered, logging exception.
Traceback (most recent call last):
  File "/Volumes/ARIMA/bot-event/venv/lib/python3.9/site-packages/telegram/ext/_updater.py", line 688, in _network_loop_retry
  File "/Volumes/ARIMA/bot-event/venv/lib/python3.9/site-packages/telegram/ext/_updater.py", line 384, in polling_action_cb
  File "/Volumes/ARIMA/bot-event/venv/lib/python3.9/site-packages/telegram/ext/_updater.py", line 373, in polling_action_cb
  File "/Volumes/ARIMA/bot-event/venv/lib/python3.9/site-packages/telegram/ext/_extbot.py", line 558, in get_updates
  File "/Volumes/ARIMA/bot-event/venv/lib/python3.9/site-packages/telegram/_bot.py", line 525, in decorator
  File "/Volumes/ARIMA/bot-event/venv/lib/python3.9/site-packages/telegram/_bot.py", line 3584, in get_updates
  File "/Volumes/ARIMA/bot-event/venv/lib/python3.9/site-packages/telegram/_bot.py", line 613, in _post
  File "/Volumes/ARIMA/bot-event/venv/lib/python3.9/site-packages/telegram/ext/_extbot.py", line 340, in _do_post
  File "/Volumes/ARIMA/bot-event/venv/lib/python3.9/site-packages/telegram/_bot.py", line 641, in _do_post
  File "/Volumes/ARIMA/bot-event/venv/lib/python3.9/site-packages/telegram/request/_baserequest.py", line 200, in post
  File "/Volumes/ARIMA/bot-event/venv/lib/python3.9/site-packages/telegram/request/_baserequest.py", line 381, in _request_wrapper
telegram.error.Conflict: Conflict: terminated by other getUpdates request; make sure that only one bot instance is running
2025-07-23 14:44:56,759 - INFO - HTTP Request: POST https://api.telegram.org/bot8132507132:AAHGCXA_fMWIvjOxkeX9ri_nFifM8HXLVdI/getUpdates "HTTP/1.1 409 Conflict"
2025-07-23 14:44:56,775 - ERROR - Error while getting Updates: Conflict: terminated by other getUpdates request; make sure that only one bot instance is running
2025-07-23 14:44:56,775 - ERROR - No error handlers are registered, logging exception.
Traceback (most recent call last):
  File "/Volumes/ARIMA/bot-event/venv/lib/python3.9/site-packages/telegram/ext/_updater.py", line 688, in _network_loop_retry
  File "/Volumes/ARIMA/bot-event/venv/lib/python3.9/site-packages/telegram/ext/_updater.py", line 384, in polling_action_cb
  File "/Volumes/ARIMA/bot-event/venv/lib/python3.9/site-packages/telegram/ext/_updater.py", line 373, in polling_action_cb
  File "/Volumes/ARIMA/bot-event/venv/lib/python3.9/site-packages/telegram/ext/_extbot.py", line 558, in get_updates
  File "/Volumes/ARIMA/bot-event/venv/lib/python3.9/site-packages/telegram/_bot.py", line 525, in decorator
  File "/Volumes/ARIMA/bot-event/venv/lib/python3.9/site-packages/telegram/_bot.py", line 3584, in get_updates
  File "/Volumes/ARIMA/bot-event/venv/lib/python3.9/site-packages/telegram/_bot.py", line 613, in _post
  File "/Volumes/ARIMA/bot-event/venv/lib/python3.9/site-packages/telegram/ext/_extbot.py", line 340, in _do_post
  File "/Volumes/ARIMA/bot-event/venv/lib/python3.9/site-packages/telegram/_bot.py", line 641, in _do_post
  File "/Volumes/ARIMA/bot-event/venv/lib/python3.9/site-packages/telegram/request/_baserequest.py", line 200, in post
  File "/Volumes/ARIMA/bot-event/venv/lib/python3.9/site-packages/telegram/request/_baserequest.py", line 381, in _request_wrapper
telegram.error.Conflict: Conflict: terminated by other getUpdates request; make sure that only one bot instance is running
2025-07-23 14:45:31,374 - INFO - HTTP Request: POST https://api.telegram.org/bot8132507132:AAHGCXA_fMWIvjOxkeX9ri_nFifM8HXLVdI/getUpdates "HTTP/1.1 409 Conflict"
2025-07-23 14:45:31,374 - ERROR - Error while getting Updates: Conflict: terminated by other getUpdates request; make sure that only one bot instance is running
2025-07-23 14:45:31,375 - ERROR - No error handlers are registered, logging exception.
Traceback (most recent call last):
  File "/Volumes/ARIMA/bot-event/venv/lib/python3.9/site-packages/telegram/ext/_updater.py", line 688, in _network_loop_retry
  File "/Volumes/ARIMA/bot-event/venv/lib/python3.9/site-packages/telegram/ext/_updater.py", line 384, in polling_action_cb
  File "/Volumes/ARIMA/bot-event/venv/lib/python3.9/site-packages/telegram/ext/_updater.py", line 373, in polling_action_cb
  File "/Volumes/ARIMA/bot-event/venv/lib/python3.9/site-packages/telegram/ext/_extbot.py", line 558, in get_updates
  File "/Volumes/ARIMA/bot-event/venv/lib/python3.9/site-packages/telegram/_bot.py", line 525, in decorator
  File "/Volumes/ARIMA/bot-event/venv/lib/python3.9/site-packages/telegram/_bot.py", line 3584, in get_updates
  File "/Volumes/ARIMA/bot-event/venv/lib/python3.9/site-packages/telegram/_bot.py", line 613, in _post
  File "/Volumes/ARIMA/bot-event/venv/lib/python3.9/site-packages/telegram/ext/_extbot.py", line 340, in _do_post
  File "/Volumes/ARIMA/bot-event/venv/lib/python3.9/site-packages/telegram/_bot.py", line 641, in _do_post
  File "/Volumes/ARIMA/bot-event/venv/lib/python3.9/site-packages/telegram/request/_baserequest.py", line 200, in post
  File "/Volumes/ARIMA/bot-event/venv/lib/python3.9/site-packages/telegram/request/_baserequest.py", line 381, in _request_wrapper
telegram.error.Conflict: Conflict: terminated by other getUpdates request; make sure that only one bot instance is running
2025-07-23 14:46:06,016 - INFO - HTTP Request: POST https://api.telegram.org/bot8132507132:AAHGCXA_fMWIvjOxkeX9ri_nFifM8HXLVdI/getUpdates "HTTP/1.1 409 Conflict"
2025-07-23 14:46:06,017 - ERROR - Error while getting Updates: Conflict: terminated by other getUpdates request; make sure that only one bot instance is running
2025-07-23 14:46:06,018 - ERROR - No error handlers are registered, logging exception.
Traceback (most recent call last):
  File "/Volumes/ARIMA/bot-event/venv/lib/python3.9/site-packages/telegram/ext/_updater.py", line 688, in _network_loop_retry
  File "/Volumes/ARIMA/bot-event/venv/lib/python3.9/site-packages/telegram/ext/_updater.py", line 384, in polling_action_cb
  File "/Volumes/ARIMA/bot-event/venv/lib/python3.9/site-packages/telegram/ext/_updater.py", line 373, in polling_action_cb
  File "/Volumes/ARIMA/bot-event/venv/lib/python3.9/site-packages/telegram/ext/_extbot.py", line 558, in get_updates
  File "/Volumes/ARIMA/bot-event/venv/lib/python3.9/site-packages/telegram/_bot.py", line 525, in decorator
  File "/Volumes/ARIMA/bot-event/venv/lib/python3.9/site-packages/telegram/_bot.py", line 3584, in get_updates
  File "/Volumes/ARIMA/bot-event/venv/lib/python3.9/site-packages/telegram/_bot.py", line 613, in _post
  File "/Volumes/ARIMA/bot-event/venv/lib/python3.9/site-packages/telegram/ext/_extbot.py", line 340, in _do_post
  File "/Volumes/ARIMA/bot-event/venv/lib/python3.9/site-packages/telegram/_bot.py", line 641, in _do_post
  File "/Volumes/ARIMA/bot-event/venv/lib/python3.9/site-packages/telegram/request/_baserequest.py", line 200, in post
  File "/Volumes/ARIMA/bot-event/venv/lib/python3.9/site-packages/telegram/request/_baserequest.py", line 381, in _request_wrapper
telegram.error.Conflict: Conflict: terminated by other getUpdates request; make sure that only one bot instance is running
2025-07-23 14:46:40,648 - INFO - HTTP Request: POST https://api.telegram.org/bot8132507132:AAHGCXA_fMWIvjOxkeX9ri_nFifM8HXLVdI/getUpdates "HTTP/1.1 409 Conflict"
2025-07-23 14:46:40,664 - ERROR - Error while getting Updates: Conflict: terminated by other getUpdates request; make sure that only one bot instance is running
2025-07-23 14:46:40,664 - ERROR - No error handlers are registered, logging exception.
Traceback (most recent call last):
  File "/Volumes/ARIMA/bot-event/venv/lib/python3.9/site-packages/telegram/ext/_updater.py", line 688, in _network_loop_retry
  File "/Volumes/ARIMA/bot-event/venv/lib/python3.9/site-packages/telegram/ext/_updater.py", line 384, in polling_action_cb
  File "/Volumes/ARIMA/bot-event/venv/lib/python3.9/site-packages/telegram/ext/_updater.py", line 373, in polling_action_cb
  File "/Volumes/ARIMA/bot-event/venv/lib/python3.9/site-packages/telegram/ext/_extbot.py", line 558, in get_updates
  File "/Volumes/ARIMA/bot-event/venv/lib/python3.9/site-packages/telegram/_bot.py", line 525, in decorator
  File "/Volumes/ARIMA/bot-event/venv/lib/python3.9/site-packages/telegram/_bot.py", line 3584, in get_updates
  File "/Volumes/ARIMA/bot-event/venv/lib/python3.9/site-packages/telegram/_bot.py", line 613, in _post
  File "/Volumes/ARIMA/bot-event/venv/lib/python3.9/site-packages/telegram/ext/_extbot.py", line 340, in _do_post
  File "/Volumes/ARIMA/bot-event/venv/lib/python3.9/site-packages/telegram/_bot.py", line 641, in _do_post
  File "/Volumes/ARIMA/bot-event/venv/lib/python3.9/site-packages/telegram/request/_baserequest.py", line 200, in post
  File "/Volumes/ARIMA/bot-event/venv/lib/python3.9/site-packages/telegram/request/_baserequest.py", line 381, in _request_wrapper
telegram.error.Conflict: Conflict: terminated by other getUpdates request; make sure that only one bot instance is running
2025-07-23 14:47:15,456 - INFO - HTTP Request: POST https://api.telegram.org/bot8132507132:AAHGCXA_fMWIvjOxkeX9ri_nFifM8HXLVdI/getUpdates "HTTP/1.1 409 Conflict"
2025-07-23 14:47:15,457 - ERROR - Error while getting Updates: Conflict: terminated by other getUpdates request; make sure that only one bot instance is running
2025-07-23 14:47:15,458 - ERROR - No error handlers are registered, logging exception.
Traceback (most recent call last):
  File "/Volumes/ARIMA/bot-event/venv/lib/python3.9/site-packages/telegram/ext/_updater.py", line 688, in _network_loop_retry
  File "/Volumes/ARIMA/bot-event/venv/lib/python3.9/site-packages/telegram/ext/_updater.py", line 384, in polling_action_cb
  File "/Volumes/ARIMA/bot-event/venv/lib/python3.9/site-packages/telegram/ext/_updater.py", line 373, in polling_action_cb
  File "/Volumes/ARIMA/bot-event/venv/lib/python3.9/site-packages/telegram/ext/_extbot.py", line 558, in get_updates
  File "/Volumes/ARIMA/bot-event/venv/lib/python3.9/site-packages/telegram/_bot.py", line 525, in decorator
  File "/Volumes/ARIMA/bot-event/venv/lib/python3.9/site-packages/telegram/_bot.py", line 3584, in get_updates
  File "/Volumes/ARIMA/bot-event/venv/lib/python3.9/site-packages/telegram/_bot.py", line 613, in _post
  File "/Volumes/ARIMA/bot-event/venv/lib/python3.9/site-packages/telegram/ext/_extbot.py", line 340, in _do_post
  File "/Volumes/ARIMA/bot-event/venv/lib/python3.9/site-packages/telegram/_bot.py", line 641, in _do_post
  File "/Volumes/ARIMA/bot-event/venv/lib/python3.9/site-packages/telegram/request/_baserequest.py", line 200, in post
  File "/Volumes/ARIMA/bot-event/venv/lib/python3.9/site-packages/telegram/request/_baserequest.py", line 381, in _request_wrapper
telegram.error.Conflict: Conflict: terminated by other getUpdates request; make sure that only one bot instance is running
2025-07-23 14:47:50,395 - INFO - HTTP Request: POST https://api.telegram.org/bot8132507132:AAHGCXA_fMWIvjOxkeX9ri_nFifM8HXLVdI/getUpdates "HTTP/1.1 409 Conflict"
2025-07-23 14:47:50,411 - ERROR - Error while getting Updates: Conflict: terminated by other getUpdates request; make sure that only one bot instance is running
2025-07-23 14:47:50,411 - ERROR - No error handlers are registered, logging exception.
Traceback (most recent call last):
  File "/Volumes/ARIMA/bot-event/venv/lib/python3.9/site-packages/telegram/ext/_updater.py", line 688, in _network_loop_retry
  File "/Volumes/ARIMA/bot-event/venv/lib/python3.9/site-packages/telegram/ext/_updater.py", line 384, in polling_action_cb
  File "/Volumes/ARIMA/bot-event/venv/lib/python3.9/site-packages/telegram/ext/_updater.py", line 373, in polling_action_cb
  File "/Volumes/ARIMA/bot-event/venv/lib/python3.9/site-packages/telegram/ext/_extbot.py", line 558, in get_updates
  File "/Volumes/ARIMA/bot-event/venv/lib/python3.9/site-packages/telegram/_bot.py", line 525, in decorator
  File "/Volumes/ARIMA/bot-event/venv/lib/python3.9/site-packages/telegram/_bot.py", line 3584, in get_updates
  File "/Volumes/ARIMA/bot-event/venv/lib/python3.9/site-packages/telegram/_bot.py", line 613, in _post
  File "/Volumes/ARIMA/bot-event/venv/lib/python3.9/site-packages/telegram/ext/_extbot.py", line 340, in _do_post
  File "/Volumes/ARIMA/bot-event/venv/lib/python3.9/site-packages/telegram/_bot.py", line 641, in _do_post
  File "/Volumes/ARIMA/bot-event/venv/lib/python3.9/site-packages/telegram/request/_baserequest.py", line 200, in post
  File "/Volumes/ARIMA/bot-event/venv/lib/python3.9/site-packages/telegram/request/_baserequest.py", line 381, in _request_wrapper
telegram.error.Conflict: Conflict: terminated by other getUpdates request; make sure that only one bot instance is running
